SignalID,Timestamp,EventCode,EventParam
63082002,2023-10-31 11:30:09.0000000,82,9
63082002,2023-10-31 11:30:13.0000000,82,9
63082002,2023-10-31 11:30:19.0000000,82,10
63082002,2023-10-31 11:30:26.0000000,82,10
63082002,2023-10-31 11:30:38.0000000,82,10
63082002,2023-10-31 11:30:39.0000000,82,10
63082002,2023-10-31 11:30:42.0000000,82,10
63082002,2023-10-31 11:30:44.0000000,82,9
63082002,2023-10-31 11:30:50.0000000,82,10
63082002,2023-10-31 11:31:02.0000000,82,9
63082002,2023-10-31 11:31:05.0000000,82,10
63082002,2023-10-31 11:31:07.0000000,82,9
63082002,2023-10-31 11:31:24.0000000,82,10
63082002,2023-10-31 11:31:31.0000000,82,10
63082002,2023-10-31 11:32:00.0000000,82,10
63082002,2023-10-31 11:32:03.0000000,82,10
63082002,2023-10-31 11:32:06.0000000,82,9
63082002,2023-10-31 11:32:09.0000000,82,10
63082002,2023-10-31 11:32:14.0000000,82,10
63082002,2023-10-31 11:32:17.0000000,82,10
63082002,2023-10-31 11:32:22.0000000,82,10
63082002,2023-10-31 11:32:24.0000000,82,9
63082002,2023-10-31 11:32:24.0000000,82,10
63082002,2023-10-31 11:32:25.0000000,82,9
63082002,2023-10-31 11:32:25.0000000,82,9
63082002,2023-10-31 11:32:28.0000000,82,9
63082002,2023-10-31 11:32:29.0000000,82,9
63082002,2023-10-31 11:32:31.0000000,82,10
63082002,2023-10-31 11:32:36.0000000,82,10
63082002,2023-10-31 11:32:38.0000000,82,10
63082002,2023-10-31 11:32:39.0000000,82,10
63082002,2023-10-31 11:32:40.0000000,82,10
63082002,2023-10-31 11:32:41.0000000,82,9
63082002,2023-10-31 11:32:44.0000000,82,9
63082002,2023-10-31 11:32:45.0000000,82,10
63082002,2023-10-31 11:32:47.0000000,82,10
63082002,2023-10-31 11:33:03.0000000,82,10
63082002,2023-10-31 11:33:04.0000000,82,10
63082002,2023-10-31 11:33:05.0000000,82,10
63082002,2023-10-31 11:33:05.0000000,82,10
63082002,2023-10-31 11:33:11.0000000,82,10
63082002,2023-10-31 11:33:13.0000000,82,10
63082002,2023-10-31 11:33:36.0000000,82,10
63082002,2023-10-31 11:33:39.0000000,82,9
63082002,2023-10-31 11:33:41.0000000,82,9
63082002,2023-10-31 11:33:41.0000000,82,10
63082002,2023-10-31 11:33:43.0000000,82,10
63082002,2023-10-31 11:33:44.0000000,82,9
63082002,2023-10-31 11:33:46.0000000,82,10
63082002,2023-10-31 11:33:47.0000000,82,10
63082002,2023-10-31 11:33:49.0000000,82,10
63082002,2023-10-31 11:33:50.0000000,82,9
63082002,2023-10-31 11:33:51.0000000,82,10
63082002,2023-10-31 11:33:58.0000000,82,9
63082002,2023-10-31 11:34:09.0000000,82,10
63082002,2023-10-31 11:34:10.0000000,82,10
63082002,2023-10-31 11:34:14.0000000,82,10
63082002,2023-10-31 11:34:25.0000000,82,9
63082002,2023-10-31 11:34:41.0000000,82,10
63082002,2023-10-31 11:34:43.0000000,82,10
63082002,2023-10-31 11:34:54.0000000,82,10
63082002,2023-10-31 11:34:55.0000000,82,10
63082002,2023-10-31 11:34:59.0000000,82,9
63082002,2023-10-31 11:34:59.0000000,82,10
63082002,2023-10-31 11:34:59.0000000,82,10
63082002,2023-10-31 11:35:01.0000000,82,10
63082002,2023-10-31 11:35:02.0000000,82,10
63082002,2023-10-31 11:35:07.0000000,82,10
63082002,2023-10-31 11:35:08.0000000,82,10
63082002,2023-10-31 11:35:14.0000000,82,9
63082002,2023-10-31 11:35:18.0000000,82,9
63082002,2023-10-31 11:35:20.0000000,82,10
63082002,2023-10-31 11:35:22.0000000,82,9
63082002,2023-10-31 11:35:27.0000000,82,10
63082002,2023-10-31 11:35:37.0000000,82,10
63082002,2023-10-31 11:35:40.0000000,82,9
63082002,2023-10-31 11:35:42.0000000,82,9
63082002,2023-10-31 11:35:56.0000000,82,10
63082002,2023-10-31 11:36:09.0000000,82,9
63082002,2023-10-31 11:36:09.0000000,82,10
63082002,2023-10-31 11:36:14.0000000,82,10
63082002,2023-10-31 11:36:16.0000000,82,9
63082002,2023-10-31 11:36:20.0000000,82,10
63082002,2023-10-31 11:36:30.0000000,82,10
63082002,2023-10-31 11:36:31.0000000,82,10
63082002,2023-10-31 11:36:36.0000000,82,10
63082002,2023-10-31 11:36:45.0000000,82,10
63082002,2023-10-31 11:36:46.0000000,82,10
63082002,2023-10-31 11:36:46.0000000,82,10
63082002,2023-10-31 11:36:54.0000000,82,10
63082002,2023-10-31 11:37:24.0000000,82,9
63082002,2023-10-31 11:37:31.0000000,82,10
63082002,2023-10-31 11:37:37.0000000,82,10
63082002,2023-10-31 11:37:38.0000000,82,9
63082002,2023-10-31 11:37:39.0000000,82,9
63082002,2023-10-31 11:37:40.0000000,82,9
63082002,2023-10-31 11:37:43.0000000,82,10
63082002,2023-10-31 11:37:44.0000000,82,9
63082002,2023-10-31 11:37:47.0000000,82,10
63082002,2023-10-31 11:37:51.0000000,82,9
63082002,2023-10-31 11:37:54.0000000,82,10
63082002,2023-10-31 11:37:54.0000000,82,9
63082002,2023-10-31 11:37:55.0000000,82,10
63082002,2023-10-31 11:37:57.0000000,82,9
63082002,2023-10-31 11:37:58.0000000,82,9
63082002,2023-10-31 11:38:00.0000000,82,9
63082002,2023-10-31 11:38:03.0000000,82,9
63082002,2023-10-31 11:38:10.0000000,82,10
63082002,2023-10-31 11:38:16.0000000,82,10
63082002,2023-10-31 11:38:19.0000000,82,10
63082002,2023-10-31 11:38:30.0000000,82,10
63082002,2023-10-31 11:38:43.0000000,82,9
63082002,2023-10-31 11:38:57.0000000,82,9
63082002,2023-10-31 11:38:59.0000000,82,9
63082002,2023-10-31 11:39:00.0000000,82,10
63082002,2023-10-31 11:39:03.0000000,82,9
63082002,2023-10-31 11:39:03.0000000,82,10
63082002,2023-10-31 11:39:04.0000000,82,9
63082002,2023-10-31 11:39:04.0000000,82,10
63082002,2023-10-31 11:39:06.0000000,82,10
63082002,2023-10-31 11:39:08.0000000,82,9
63082002,2023-10-31 11:39:10.0000000,82,10
63082002,2023-10-31 11:39:14.0000000,82,10
63082002,2023-10-31 11:39:20.0000000,82,9
63082002,2023-10-31 11:39:31.0000000,82,9
63082002,2023-10-31 11:39:33.0000000,82,10
63082002,2023-10-31 11:39:38.0000000,82,9
63082002,2023-10-31 11:39:49.0000000,82,10
63082002,2023-10-31 11:40:10.0000000,82,10
63082002,2023-10-31 11:40:17.0000000,82,9
63082002,2023-10-31 11:40:26.0000000,82,9
63082002,2023-10-31 11:40:29.0000000,82,10
63082002,2023-10-31 11:40:32.0000000,82,10
63082002,2023-10-31 11:40:35.0000000,82,10
63082002,2023-10-31 11:40:40.0000000,82,10
63082002,2023-10-31 11:40:43.0000000,82,10
63082002,2023-10-31 11:40:46.0000000,82,9
63082002,2023-10-31 11:40:46.0000000,82,10
63082002,2023-10-31 11:40:50.0000000,82,10
63082002,2023-10-31 11:40:56.0000000,82,10
63082002,2023-10-31 11:40:59.0000000,82,10
63082002,2023-10-31 11:41:06.0000000,82,10
63082002,2023-10-31 11:41:12.0000000,82,10
63082002,2023-10-31 11:41:26.0000000,82,9
63082002,2023-10-31 11:41:38.0000000,82,9
63082002,2023-10-31 11:41:38.0000000,82,10
63082002,2023-10-31 11:41:42.0000000,82,10
63082002,2023-10-31 11:41:45.0000000,82,10
63082002,2023-10-31 11:41:50.0000000,82,10
63082002,2023-10-31 11:41:56.0000000,82,10
63082002,2023-10-31 11:42:07.0000000,82,9
63082002,2023-10-31 11:42:12.0000000,82,10
63082002,2023-10-31 11:42:22.0000000,82,10
63082002,2023-10-31 11:42:39.0000000,82,10
63082002,2023-10-31 11:42:42.0000000,82,10
63082002,2023-10-31 11:42:47.0000000,82,10
63082002,2023-10-31 11:42:47.0000000,82,9
63082002,2023-10-31 11:42:52.0000000,82,10
63082002,2023-10-31 11:42:53.0000000,82,10
63082002,2023-10-31 11:43:09.0000000,82,10
63082002,2023-10-31 11:43:24.0000000,82,9
63082002,2023-10-31 11:43:26.0000000,82,9
63082002,2023-10-31 11:43:27.0000000,82,10
63082002,2023-10-31 11:43:28.0000000,82,10
63082002,2023-10-31 11:43:30.0000000,82,9
63082002,2023-10-31 11:43:31.0000000,82,10
63082002,2023-10-31 11:43:33.0000000,82,10
63082002,2023-10-31 11:43:35.0000000,82,10
63082002,2023-10-31 11:43:38.0000000,82,10
63082002,2023-10-31 11:43:54.0000000,82,10
63082002,2023-10-31 11:43:55.0000000,82,9
63082002,2023-10-31 11:43:57.0000000,82,10
63082002,2023-10-31 11:44:04.0000000,82,10
63082002,2023-10-31 11:44:04.0000000,82,10
63082002,2023-10-31 11:44:08.0000000,82,9
63082002,2023-10-31 11:44:10.0000000,82,9
63082002,2023-10-31 11:44:11.0000000,82,10
63082002,2023-10-31 11:44:13.0000000,82,10
63082002,2023-10-31 11:44:16.0000000,82,9
63082002,2023-10-31 11:44:25.0000000,82,10
63082002,2023-10-31 11:44:43.0000000,82,9
63082002,2023-10-31 11:44:49.0000000,82,9
63082002,2023-10-31 11:44:50.0000000,82,10
63082002,2023-10-31 11:45:18.0000000,82,10
63082002,2023-10-31 11:45:35.0000000,82,10
63082002,2023-10-31 11:45:36.0000000,82,10
63082002,2023-10-31 11:45:38.0000000,82,10
63082002,2023-10-31 11:45:38.0000000,82,9
63082002,2023-10-31 11:45:56.0000000,82,9
63082002,2023-10-31 11:46:00.0000000,82,10
63082002,2023-10-31 11:46:02.0000000,82,9
63082002,2023-10-31 11:46:03.0000000,82,9
63082002,2023-10-31 11:46:14.0000000,82,9
63082002,2023-10-31 11:46:21.0000000,82,10
63082002,2023-10-31 11:46:28.0000000,82,9
63082002,2023-10-31 11:46:32.0000000,82,10
63082002,2023-10-31 11:46:36.0000000,82,9
63082002,2023-10-31 11:46:38.0000000,82,10
63082002,2023-10-31 11:46:40.0000000,82,10
63082002,2023-10-31 11:46:43.0000000,82,10
63082002,2023-10-31 11:47:11.0000000,82,10
63082002,2023-10-31 11:47:25.0000000,82,9
63082002,2023-10-31 11:47:27.0000000,82,9
63082002,2023-10-31 11:47:28.0000000,82,10
63082002,2023-10-31 11:47:35.0000000,82,9
63082002,2023-10-31 11:47:42.0000000,82,9
63082002,2023-10-31 11:47:43.0000000,82,10
63082002,2023-10-31 11:47:44.0000000,82,9
63082002,2023-10-31 11:47:47.0000000,82,10
63082002,2023-10-31 11:47:53.0000000,82,9
63082002,2023-10-31 11:47:58.0000000,82,9
63082002,2023-10-31 11:48:01.0000000,82,9
63082002,2023-10-31 11:48:02.0000000,82,10
63082002,2023-10-31 11:48:03.0000000,82,10
63082002,2023-10-31 11:48:06.0000000,82,10
63082002,2023-10-31 11:48:06.0000000,82,9
63082002,2023-10-31 11:48:07.0000000,82,9
63082002,2023-10-31 11:48:09.0000000,82,9
63082002,2023-10-31 11:48:09.0000000,82,10
63082002,2023-10-31 11:48:13.0000000,82,9
63082002,2023-10-31 11:48:16.0000000,82,10
63082002,2023-10-31 11:48:16.0000000,82,10
63082002,2023-10-31 11:48:46.0000000,82,10
63082002,2023-10-31 11:48:49.0000000,82,10
63082002,2023-10-31 11:48:51.0000000,82,9
63082002,2023-10-31 11:48:53.0000000,82,10
63082002,2023-10-31 11:49:00.0000000,82,9
63082002,2023-10-31 11:49:02.0000000,82,10
63082002,2023-10-31 11:49:03.0000000,82,10
63082002,2023-10-31 11:49:22.0000000,82,10
63082002,2023-10-31 11:49:26.0000000,82,10
63082002,2023-10-31 11:49:40.0000000,82,10
63082002,2023-10-31 11:49:50.0000000,82,10
63082002,2023-10-31 11:49:58.0000000,82,9
63082002,2023-10-31 11:50:01.0000000,82,10
63082002,2023-10-31 11:50:07.0000000,82,9
63082002,2023-10-31 11:50:08.0000000,82,10
63082002,2023-10-31 11:50:09.0000000,82,9
63082002,2023-10-31 11:50:09.0000000,82,9
63082002,2023-10-31 11:50:09.0000000,82,10
63082002,2023-10-31 11:50:10.0000000,82,9
63082002,2023-10-31 11:50:11.0000000,82,10
63082002,2023-10-31 11:50:17.0000000,82,9
63082002,2023-10-31 11:50:19.0000000,82,10
63082002,2023-10-31 11:50:24.0000000,82,9
63082002,2023-10-31 11:50:26.0000000,82,10
63082002,2023-10-31 11:50:29.0000000,82,9
63082002,2023-10-31 11:50:30.0000000,82,10
63082002,2023-10-31 11:50:31.0000000,82,9
63082002,2023-10-31 11:50:37.0000000,82,10
63082002,2023-10-31 11:50:38.0000000,82,10
63082002,2023-10-31 11:50:53.0000000,82,10
63082002,2023-10-31 11:50:59.0000000,82,10
63082002,2023-10-31 11:50:59.0000000,82,9
63082002,2023-10-31 11:51:01.0000000,82,9
63082002,2023-10-31 11:51:01.0000000,82,10
63082002,2023-10-31 11:51:02.0000000,82,10
63082002,2023-10-31 11:51:06.0000000,82,9
63082002,2023-10-31 11:51:10.0000000,82,10
63082002,2023-10-31 11:51:24.0000000,82,10
63082002,2023-10-31 11:51:41.0000000,82,10
63082002,2023-10-31 11:51:48.0000000,82,10
63082002,2023-10-31 11:51:52.0000000,82,9
63082002,2023-10-31 11:51:59.0000000,82,10
63082002,2023-10-31 11:52:11.0000000,82,10
63082002,2023-10-31 11:52:19.0000000,82,10
63082002,2023-10-31 11:52:28.0000000,82,10
63082002,2023-10-31 11:52:34.0000000,82,10
63082002,2023-10-31 11:52:38.0000000,82,10
63082002,2023-10-31 11:52:39.0000000,82,10
63082002,2023-10-31 11:52:46.0000000,82,10
63082002,2023-10-31 11:53:25.0000000,82,9
63082002,2023-10-31 11:53:26.0000000,82,10
63082002,2023-10-31 11:53:30.0000000,82,9
63082002,2023-10-31 11:53:31.0000000,82,10
63082002,2023-10-31 11:53:35.0000000,82,10
63082002,2023-10-31 11:53:36.0000000,82,9
63082002,2023-10-31 11:53:37.0000000,82,10
63082002,2023-10-31 11:53:38.0000000,82,9
63082002,2023-10-31 11:53:40.0000000,82,10
63082002,2023-10-31 11:54:01.0000000,82,10
63082002,2023-10-31 11:54:10.0000000,82,9
63082002,2023-10-31 11:54:10.0000000,82,9
63082002,2023-10-31 11:54:39.0000000,82,10
63082002,2023-10-31 11:54:55.0000000,82,10
63082002,2023-10-31 11:54:55.0000000,82,9
63082002,2023-10-31 11:54:57.0000000,82,10
63082002,2023-10-31 11:55:00.0000000,82,9
63082002,2023-10-31 11:55:03.0000000,82,9
63082002,2023-10-31 11:55:04.0000000,82,9
63082004,2023-10-31 11:30:15.0000000,82,9
63082004,2023-10-31 11:30:23.0000000,82,9
63082004,2023-10-31 11:30:25.0000000,82,9
63082004,2023-10-31 11:30:35.0000000,82,9
63082004,2023-10-31 11:30:38.0000000,82,9
63082004,2023-10-31 11:30:43.0000000,82,9
63082004,2023-10-31 11:30:59.0000000,82,9
63082004,2023-10-31 11:31:12.0000000,82,9
63082004,2023-10-31 11:31:19.0000000,82,9
63082004,2023-10-31 11:31:28.0000000,82,9
63082004,2023-10-31 11:31:30.0000000,82,9
63082004,2023-10-31 11:31:36.0000000,82,9
63082004,2023-10-31 11:31:39.0000000,82,9
63082004,2023-10-31 11:32:05.0000000,82,9
63082004,2023-10-31 11:32:43.0000000,82,9
63082004,2023-10-31 11:33:13.0000000,82,9
63082004,2023-10-31 11:33:16.0000000,82,9
63082004,2023-10-31 11:33:55.0000000,82,9
63082004,2023-10-31 11:34:00.0000000,82,9
63082004,2023-10-31 11:34:02.0000000,82,9
63082004,2023-10-31 11:34:03.0000000,82,9
63082004,2023-10-31 11:34:13.0000000,82,9
63082004,2023-10-31 11:34:21.0000000,82,9
63082004,2023-10-31 11:34:24.0000000,82,9
63082004,2023-10-31 11:34:27.0000000,82,9
63082004,2023-10-31 11:34:41.0000000,82,9
63082004,2023-10-31 11:34:46.0000000,82,9
63082004,2023-10-31 11:34:50.0000000,82,9
63082004,2023-10-31 11:34:52.0000000,82,9
63082004,2023-10-31 11:35:07.0000000,82,9
63082004,2023-10-31 11:35:11.0000000,82,9
63082004,2023-10-31 11:35:39.0000000,82,9
63082004,2023-10-31 11:35:41.0000000,82,9
63082004,2023-10-31 11:35:45.0000000,82,9
63082004,2023-10-31 11:36:03.0000000,82,9
63082004,2023-10-31 11:36:13.0000000,82,9
63082004,2023-10-31 11:36:23.0000000,82,9
63082004,2023-10-31 11:36:25.0000000,82,9
63082004,2023-10-31 11:37:01.0000000,82,9
63082004,2023-10-31 11:37:38.0000000,82,9
63082004,2023-10-31 11:37:43.0000000,82,9
63082004,2023-10-31 11:37:57.0000000,82,9
63082004,2023-10-31 11:38:09.0000000,82,9
63082004,2023-10-31 11:38:19.0000000,82,9
63082004,2023-10-31 11:38:26.0000000,82,9
63082004,2023-10-31 11:38:27.0000000,82,9
63082004,2023-10-31 11:38:29.0000000,82,9
63082004,2023-10-31 11:38:36.0000000,82,9
63082004,2023-10-31 11:38:40.0000000,82,9
63082004,2023-10-31 11:38:51.0000000,82,9
63082004,2023-10-31 11:39:03.0000000,82,9
63082004,2023-10-31 11:39:07.0000000,82,9
63082004,2023-10-31 11:39:18.0000000,82,9
63082004,2023-10-31 11:39:27.0000000,82,9
63082004,2023-10-31 11:39:37.0000000,82,9
63082004,2023-10-31 11:39:37.0000000,82,9
63082004,2023-10-31 11:39:52.0000000,82,9
63082004,2023-10-31 11:39:54.0000000,82,9
63082004,2023-10-31 11:40:13.0000000,82,9
63082004,2023-10-31 11:40:18.0000000,82,9
63082004,2023-10-31 11:40:26.0000000,82,9
63082004,2023-10-31 11:40:39.0000000,82,9
63082004,2023-10-31 11:41:22.0000000,82,9
63082004,2023-10-31 11:41:30.0000000,82,9
63082004,2023-10-31 11:41:43.0000000,82,9
63082004,2023-10-31 11:42:11.0000000,82,9
63082004,2023-10-31 11:42:13.0000000,82,9
63082004,2023-10-31 11:42:37.0000000,82,9
63082004,2023-10-31 11:42:46.0000000,82,9
63082004,2023-10-31 11:42:50.0000000,82,9
63082004,2023-10-31 11:43:21.0000000,82,9
63082004,2023-10-31 11:43:45.0000000,82,9
63082004,2023-10-31 11:43:53.0000000,82,9
63082004,2023-10-31 11:44:01.0000000,82,9
63082004,2023-10-31 11:44:02.0000000,82,9
63082004,2023-10-31 11:44:05.0000000,82,9
63082004,2023-10-31 11:44:10.0000000,82,9
63082004,2023-10-31 11:44:13.0000000,82,9
63082004,2023-10-31 11:44:14.0000000,82,9
63082004,2023-10-31 11:44:23.0000000,82,9
63082004,2023-10-31 11:44:29.0000000,82,9
63082004,2023-10-31 11:44:31.0000000,82,9
63082004,2023-10-31 11:44:48.0000000,82,9
63082004,2023-10-31 11:44:50.0000000,82,9
63082004,2023-10-31 11:44:58.0000000,82,9
63082004,2023-10-31 11:45:27.0000000,82,9
63082004,2023-10-31 11:45:30.0000000,82,9
63082004,2023-10-31 11:45:34.0000000,82,9
63082004,2023-10-31 11:45:45.0000000,82,9
63082004,2023-10-31 11:45:49.0000000,82,9
63082004,2023-10-31 11:46:11.0000000,82,9
63082004,2023-10-31 11:46:12.0000000,82,9
63082004,2023-10-31 11:46:35.0000000,82,9
63082004,2023-10-31 11:46:40.0000000,82,9
63082004,2023-10-31 11:47:02.0000000,82,9
63082004,2023-10-31 11:47:15.0000000,82,9
63082004,2023-10-31 11:47:17.0000000,82,9
63082004,2023-10-31 11:47:37.0000000,82,9
63082004,2023-10-31 11:47:46.0000000,82,9
63082004,2023-10-31 11:48:06.0000000,82,9
63082004,2023-10-31 11:48:09.0000000,82,9
63082004,2023-10-31 11:48:18.0000000,82,9
63082004,2023-10-31 11:48:22.0000000,82,9
63082004,2023-10-31 11:48:27.0000000,82,9
63082004,2023-10-31 11:48:34.0000000,82,9
63082004,2023-10-31 11:48:37.0000000,82,9
63082004,2023-10-31 11:48:40.0000000,82,9
63082004,2023-10-31 11:48:43.0000000,82,9
63082004,2023-10-31 11:48:50.0000000,82,9
63082004,2023-10-31 11:48:53.0000000,82,9
63082004,2023-10-31 11:48:55.0000000,82,9
63082004,2023-10-31 11:49:08.0000000,82,9
63082004,2023-10-31 11:49:13.0000000,82,9
63082004,2023-10-31 11:49:17.0000000,82,9
63082004,2023-10-31 11:49:22.0000000,82,9
63082004,2023-10-31 11:49:24.0000000,82,9
63082004,2023-10-31 11:49:29.0000000,82,9
63082004,2023-10-31 11:49:39.0000000,82,9
63082004,2023-10-31 11:50:12.0000000,82,9
63082004,2023-10-31 11:50:18.0000000,82,9
63082004,2023-10-31 11:50:29.0000000,82,9
63082004,2023-10-31 11:50:33.0000000,82,9
63082004,2023-10-31 11:50:37.0000000,82,9
63082004,2023-10-31 11:51:08.0000000,82,9
63082004,2023-10-31 11:51:13.0000000,82,9
63082004,2023-10-31 11:51:15.0000000,82,9
63082004,2023-10-31 11:51:23.0000000,82,9
63082004,2023-10-31 11:51:24.0000000,82,9
63082004,2023-10-31 11:51:26.0000000,82,9
63082004,2023-10-31 11:51:28.0000000,82,9
63082004,2023-10-31 11:51:31.0000000,82,9
63082004,2023-10-31 11:51:39.0000000,82,9
63082004,2023-10-31 11:51:56.0000000,82,9
63082004,2023-10-31 11:52:53.0000000,82,9
63082004,2023-10-31 11:53:18.0000000,82,9
63082004,2023-10-31 11:53:34.0000000,82,9
63082004,2023-10-31 11:53:36.0000000,82,9
63082004,2023-10-31 11:53:53.0000000,82,9
63082004,2023-10-31 11:54:09.0000000,82,9
63082004,2023-10-31 11:54:12.0000000,82,9
63082004,2023-10-31 11:54:23.0000000,82,9
63082004,2023-10-31 11:54:36.0000000,82,9
63082004,2023-10-31 11:54:40.0000000,82,9
63082004,2023-10-31 11:54:51.0000000,82,9
63082004,2023-10-31 11:55:08.0000000,82,9
63082002,2023-10-31 11:55:07.0000000,82,10
63082002,2023-10-31 11:55:08.0000000,82,9
63082002,2023-10-31 11:55:08.0000000,82,10
63082002,2023-10-31 11:55:14.0000000,82,10
63082002,2023-10-31 11:55:15.0000000,82,10
63082002,2023-10-31 11:55:20.0000000,82,9
63082002,2023-10-31 11:55:21.0000000,82,10
63082002,2023-10-31 11:55:22.0000000,82,9
63082002,2023-10-31 11:55:23.0000000,82,10
63082002,2023-10-31 11:55:25.0000000,82,10
63082002,2023-10-31 11:55:31.0000000,82,9
63082002,2023-10-31 11:55:36.0000000,82,10
63082002,2023-10-31 11:55:39.0000000,82,10
63082002,2023-10-31 11:55:41.0000000,82,10
63082002,2023-10-31 11:55:44.0000000,82,10
63082002,2023-10-31 11:55:46.0000000,82,9
63082002,2023-10-31 11:55:58.0000000,82,9
63082002,2023-10-31 11:56:11.0000000,82,10
63082002,2023-10-31 11:56:14.0000000,82,10
63082002,2023-10-31 11:56:14.0000000,82,9
63082002,2023-10-31 11:56:16.0000000,82,10
63082002,2023-10-31 11:56:17.0000000,82,10
63082002,2023-10-31 11:56:19.0000000,82,9
63082002,2023-10-31 11:56:22.0000000,82,9
63082002,2023-10-31 11:56:23.0000000,82,10
63082002,2023-10-31 11:56:23.0000000,82,10
63082002,2023-10-31 11:56:25.0000000,82,10
63082002,2023-10-31 11:56:36.0000000,82,10
63082002,2023-10-31 11:56:37.0000000,82,10
63082002,2023-10-31 11:56:41.0000000,82,10
63082002,2023-10-31 11:56:45.0000000,82,9
63082002,2023-10-31 11:56:48.0000000,82,10
63082002,2023-10-31 11:56:55.0000000,82,9
63082002,2023-10-31 11:56:59.0000000,82,10
63082002,2023-10-31 11:57:07.0000000,82,10
63082002,2023-10-31 11:57:16.0000000,82,9
63082002,2023-10-31 11:57:21.0000000,82,9
63082002,2023-10-31 11:57:22.0000000,82,10
63082002,2023-10-31 11:57:31.0000000,82,9
63082002,2023-10-31 11:57:39.0000000,82,9
63082002,2023-10-31 11:57:44.0000000,82,10
63082002,2023-10-31 11:57:44.0000000,82,9
63082002,2023-10-31 11:57:51.0000000,82,10
63082002,2023-10-31 11:57:53.0000000,82,9
63082002,2023-10-31 11:57:55.0000000,82,10
63082002,2023-10-31 11:58:05.0000000,82,9
63082002,2023-10-31 11:58:09.0000000,82,9
63082002,2023-10-31 11:58:11.0000000,82,9
63082002,2023-10-31 11:58:16.0000000,82,10
63082002,2023-10-31 11:58:16.0000000,82,10
63082002,2023-10-31 11:58:16.0000000,82,9
63082002,2023-10-31 11:58:17.0000000,82,10
63082002,2023-10-31 11:58:38.0000000,82,10
63082002,2023-10-31 11:58:38.0000000,82,10
63082002,2023-10-31 11:58:41.0000000,82,9
63082002,2023-10-31 11:58:44.0000000,82,9
63082002,2023-10-31 11:58:47.0000000,82,9
63082002,2023-10-31 11:58:49.0000000,82,9
63082002,2023-10-31 11:58:50.0000000,82,9
63082002,2023-10-31 11:58:57.0000000,82,9
63082002,2023-10-31 11:59:01.0000000,82,10
63082002,2023-10-31 11:59:11.0000000,82,9
63082002,2023-10-31 11:59:11.0000000,82,10
63082002,2023-10-31 11:59:26.0000000,82,10
63082002,2023-10-31 11:59:28.0000000,82,10
63082002,2023-10-31 11:59:35.0000000,82,9
63082002,2023-10-31 11:59:41.0000000,82,9
63082002,2023-10-31 11:59:43.0000000,82,10
63082002,2023-10-31 11:59:46.0000000,82,10
63082002,2023-10-31 11:59:49.0000000,82,10
63082002,2023-10-31 11:59:50.0000000,82,10
63082002,2023-10-31 11:59:55.0000000,82,10
63082002,2023-10-31 12:33:57.0000000,82,10
63082002,2023-10-31 12:33:58.0000000,82,10
63082002,2023-10-31 12:34:01.0000000,82,10
63082002,2023-10-31 12:34:11.0000000,82,9
63082002,2023-10-31 12:34:14.0000000,82,10
63082002,2023-10-31 12:34:14.0000000,82,10
63082002,2023-10-31 12:34:16.0000000,82,10
63082002,2023-10-31 12:34:17.0000000,82,9
63082002,2023-10-31 12:34:18.0000000,82,10
63082002,2023-10-31 12:34:19.0000000,82,9
63082002,2023-10-31 12:34:22.0000000,82,10
63082002,2023-10-31 12:34:25.0000000,82,10
63082002,2023-10-31 12:34:28.0000000,82,10
63082002,2023-10-31 12:34:30.0000000,82,10
63082002,2023-10-31 12:34:34.0000000,82,10
63082002,2023-10-31 12:34:35.0000000,82,9
63082002,2023-10-31 12:34:36.0000000,82,10
63082002,2023-10-31 12:34:39.0000000,82,9
63082002,2023-10-31 12:34:40.0000000,82,10
63082002,2023-10-31 12:34:43.0000000,82,10
63082002,2023-10-31 12:34:44.0000000,82,10
63082002,2023-10-31 12:34:55.0000000,82,10
63082002,2023-10-31 12:34:56.0000000,82,9
63082002,2023-10-31 12:35:11.0000000,82,10
63082002,2023-10-31 12:35:11.0000000,82,9
63082002,2023-10-31 12:35:14.0000000,82,10
63082002,2023-10-31 12:35:18.0000000,82,9
63082002,2023-10-31 12:35:25.0000000,82,9
63082002,2023-10-31 12:35:29.0000000,82,9
63082002,2023-10-31 12:35:32.0000000,82,10
63082002,2023-10-31 12:35:38.0000000,82,9
63082002,2023-10-31 12:35:49.0000000,82,10
63082002,2023-10-31 12:35:52.0000000,82,9
63082002,2023-10-31 12:35:53.0000000,82,10
63082002,2023-10-31 12:35:55.0000000,82,10
63082002,2023-10-31 12:36:07.0000000,82,9
63082002,2023-10-31 12:36:07.0000000,82,10
63082002,2023-10-31 12:36:25.0000000,82,9
63082002,2023-10-31 12:36:25.0000000,82,10
63082002,2023-10-31 12:36:28.0000000,82,10
63082002,2023-10-31 12:36:35.0000000,82,9
63082002,2023-10-31 12:36:42.0000000,82,10
63082002,2023-10-31 12:36:48.0000000,82,9
63082002,2023-10-31 12:36:48.0000000,82,10
63082002,2023-10-31 12:36:50.0000000,82,9
63082002,2023-10-31 12:36:58.0000000,82,10
63082002,2023-10-31 12:37:01.0000000,82,10
63082002,2023-10-31 12:37:03.0000000,82,10
63082002,2023-10-31 12:37:10.0000000,82,9
63082002,2023-10-31 12:37:10.0000000,82,10
63082002,2023-10-31 12:37:11.0000000,82,10
63082002,2023-10-31 12:37:14.0000000,82,9
63082002,2023-10-31 12:37:27.0000000,82,10
63082002,2023-10-31 12:37:29.0000000,82,10
63082002,2023-10-31 12:37:30.0000000,82,9
63082002,2023-10-31 12:37:46.0000000,82,10
63082002,2023-10-31 12:37:46.0000000,82,9
63082002,2023-10-31 12:37:51.0000000,82,9
63082002,2023-10-31 12:37:54.0000000,82,10
63082002,2023-10-31 12:37:56.0000000,82,9
63082002,2023-10-31 12:37:56.0000000,82,10
63082002,2023-10-31 12:37:58.0000000,82,10
63082002,2023-10-31 12:37:58.0000000,82,9
63082002,2023-10-31 12:38:00.0000000,82,9
63082002,2023-10-31 12:38:04.0000000,82,10
63082002,2023-10-31 12:38:07.0000000,82,10
63082002,2023-10-31 12:38:08.0000000,82,10
63082002,2023-10-31 12:38:11.0000000,82,10
63082002,2023-10-31 12:38:14.0000000,82,10
63082002,2023-10-31 12:38:21.0000000,82,9
63082002,2023-10-31 12:38:23.0000000,82,10
63082002,2023-10-31 12:38:27.0000000,82,10
63082002,2023-10-31 12:38:31.0000000,82,10
63082002,2023-10-31 12:38:36.0000000,82,10
63082002,2023-10-31 12:38:49.0000000,82,10
63082002,2023-10-31 12:38:50.0000000,82,9
63082002,2023-10-31 12:38:52.0000000,82,9
63082002,2023-10-31 12:39:02.0000000,82,9
63082002,2023-10-31 12:39:06.0000000,82,9
63082002,2023-10-31 12:39:34.0000000,82,10
63082002,2023-10-31 12:39:38.0000000,82,9
63082002,2023-10-31 12:39:39.0000000,82,9
63082002,2023-10-31 12:39:45.0000000,82,9
63082002,2023-10-31 12:39:48.0000000,82,10
63082002,2023-10-31 12:39:51.0000000,82,10
63082002,2023-10-31 12:39:56.0000000,82,10
63082002,2023-10-31 12:40:05.0000000,82,10
63082002,2023-10-31 12:40:06.0000000,82,10
63082002,2023-10-31 12:40:07.0000000,82,10
63082002,2023-10-31 12:40:32.0000000,82,10
63082002,2023-10-31 12:40:36.0000000,82,9
63082002,2023-10-31 12:40:42.0000000,82,9
63082002,2023-10-31 12:40:44.0000000,82,9
63082002,2023-10-31 12:40:45.0000000,82,10
63082002,2023-10-31 12:40:45.0000000,82,9
63082002,2023-10-31 12:40:46.0000000,82,10
63082002,2023-10-31 12:40:48.0000000,82,10
63082002,2023-10-31 12:40:50.0000000,82,10
63082002,2023-10-31 12:40:53.0000000,82,10
63082002,2023-10-31 12:40:58.0000000,82,10
63082002,2023-10-31 12:41:01.0000000,82,9
63082002,2023-10-31 12:41:01.0000000,82,9
63082002,2023-10-31 12:41:11.0000000,82,9
63082002,2023-10-31 12:41:36.0000000,82,9
63082002,2023-10-31 12:41:39.0000000,82,9
63082002,2023-10-31 12:41:41.0000000,82,10
63082002,2023-10-31 12:41:42.0000000,82,10
63082002,2023-10-31 12:41:43.0000000,82,10
63082002,2023-10-31 12:41:45.0000000,82,9
63082002,2023-10-31 12:41:47.0000000,82,10
63082002,2023-10-31 12:41:56.0000000,82,10
63082002,2023-10-31 12:42:00.0000000,82,9
63082002,2023-10-31 12:42:12.0000000,82,9
63082002,2023-10-31 12:42:20.0000000,82,10
63082002,2023-10-31 12:42:27.0000000,82,10
63082002,2023-10-31 12:42:31.0000000,82,10
63082002,2023-10-31 12:42:37.0000000,82,10
63082002,2023-10-31 12:42:40.0000000,82,9
63082002,2023-10-31 12:42:44.0000000,82,9
63082002,2023-10-31 12:42:47.0000000,82,10
63082002,2023-10-31 12:42:58.0000000,82,10
63082002,2023-10-31 12:43:03.0000000,82,10
63082002,2023-10-31 12:43:10.0000000,82,9
63082002,2023-10-31 12:43:37.0000000,82,10
63082002,2023-10-31 12:43:41.0000000,82,10
63082002,2023-10-31 12:43:47.0000000,82,9
63082002,2023-10-31 12:43:49.0000000,82,10
63082002,2023-10-31 12:43:55.0000000,82,9
63082002,2023-10-31 12:43:57.0000000,82,10
63082002,2023-10-31 12:44:05.0000000,82,10
63082002,2023-10-31 12:44:06.0000000,82,10
63082002,2023-10-31 12:44:06.0000000,82,10
63082002,2023-10-31 12:44:10.0000000,82,9
63082002,2023-10-31 12:44:14.0000000,82,10
63082002,2023-10-31 12:44:14.0000000,82,10
63082002,2023-10-31 12:44:19.0000000,82,10
63082002,2023-10-31 12:44:20.0000000,82,10
63082002,2023-10-31 12:44:20.0000000,82,10
63082002,2023-10-31 12:44:24.0000000,82,10
63082002,2023-10-31 12:44:24.0000000,82,9
63082002,2023-10-31 12:44:32.0000000,82,9
63082002,2023-10-31 12:44:37.0000000,82,10
63082002,2023-10-31 12:44:42.0000000,82,10
63082002,2023-10-31 12:44:45.0000000,82,9
63082002,2023-10-31 12:44:45.0000000,82,10
63082002,2023-10-31 12:44:45.0000000,82,10
63082002,2023-10-31 12:44:47.0000000,82,10
63082002,2023-10-31 12:44:51.0000000,82,10
63082002,2023-10-31 12:45:01.0000000,82,10
63082002,2023-10-31 12:45:11.0000000,82,10
63082002,2023-10-31 12:45:12.0000000,82,9
63082002,2023-10-31 12:45:39.0000000,82,9
63082002,2023-10-31 12:45:59.0000000,82,10
63082002,2023-10-31 12:46:07.0000000,82,10
63082002,2023-10-31 12:46:08.0000000,82,10
63082002,2023-10-31 12:46:08.0000000,82,9
63082002,2023-10-31 12:46:10.0000000,82,9
63082002,2023-10-31 12:46:11.0000000,82,9
63082002,2023-10-31 12:46:12.0000000,82,10
63082002,2023-10-31 12:46:12.0000000,82,10
63082002,2023-10-31 12:46:13.0000000,82,9
63082002,2023-10-31 12:46:14.0000000,82,9
63082002,2023-10-31 12:46:14.0000000,82,10
63082002,2023-10-31 12:46:17.0000000,82,9
63082002,2023-10-31 12:46:18.0000000,82,10
63082002,2023-10-31 12:46:21.0000000,82,9
63082002,2023-10-31 12:46:24.0000000,82,10
63082002,2023-10-31 12:46:25.0000000,82,10
63082002,2023-10-31 12:46:31.0000000,82,9
63082002,2023-10-31 12:46:33.0000000,82,9
63082002,2023-10-31 12:46:38.0000000,82,9
63082002,2023-10-31 12:46:39.0000000,82,10
63082002,2023-10-31 12:46:41.0000000,82,10
63082002,2023-10-31 12:46:44.0000000,82,10
63082002,2023-10-31 12:46:48.0000000,82,9
63082002,2023-10-31 12:46:49.0000000,82,10
63082002,2023-10-31 12:46:52.0000000,82,10
63082002,2023-10-31 12:46:54.0000000,82,10
63082002,2023-10-31 12:46:57.0000000,82,9
63082002,2023-10-31 12:47:21.0000000,82,9
63082002,2023-10-31 12:47:42.0000000,82,9
63082002,2023-10-31 12:47:50.0000000,82,9
63082002,2023-10-31 12:47:51.0000000,82,9
63082002,2023-10-31 12:47:53.0000000,82,10
63082002,2023-10-31 12:48:00.0000000,82,10
63082002,2023-10-31 12:48:02.0000000,82,10
63082002,2023-10-31 12:48:04.0000000,82,9
63082002,2023-10-31 12:48:09.0000000,82,10
63082002,2023-10-31 12:48:09.0000000,82,9
63082002,2023-10-31 12:48:12.0000000,82,10
63082002,2023-10-31 12:48:22.0000000,82,10
63082002,2023-10-31 12:48:30.0000000,82,10
63082002,2023-10-31 12:48:34.0000000,82,10
63082002,2023-10-31 12:48:39.0000000,82,9
63082002,2023-10-31 12:48:39.0000000,82,10
63082002,2023-10-31 12:48:42.0000000,82,10
63082002,2023-10-31 12:48:43.0000000,82,9
63082002,2023-10-31 12:48:47.0000000,82,10
63082002,2023-10-31 12:49:05.0000000,82,10
63082002,2023-10-31 12:49:08.0000000,82,10
63082002,2023-10-31 12:49:19.0000000,82,10
63082002,2023-10-31 12:49:19.0000000,82,9
63082002,2023-10-31 12:49:27.0000000,82,10
63082002,2023-10-31 12:49:28.0000000,82,9
63082002,2023-10-31 12:49:28.0000000,82,9
63082002,2023-10-31 12:49:32.0000000,82,10
63082002,2023-10-31 12:49:33.0000000,82,9
63082002,2023-10-31 12:50:04.0000000,82,10
63082002,2023-10-31 12:50:06.0000000,82,10
63082002,2023-10-31 12:50:13.0000000,82,10
63082002,2023-10-31 12:50:24.0000000,82,9
63082002,2023-10-31 12:50:24.0000000,82,10
63082002,2023-10-31 12:50:25.0000000,82,9
63082002,2023-10-31 12:50:25.0000000,82,10
63082002,2023-10-31 12:50:26.0000000,82,9
63082002,2023-10-31 12:50:28.0000000,82,9
63082002,2023-10-31 12:50:29.0000000,82,10
63082002,2023-10-31 12:50:29.0000000,82,10
63082002,2023-10-31 12:00:04.0000000,82,10
63082002,2023-10-31 12:00:12.0000000,82,10
63082002,2023-10-31 12:00:13.0000000,82,10
63082002,2023-10-31 12:00:26.0000000,82,9
63082002,2023-10-31 12:00:37.0000000,82,9
63082002,2023-10-31 12:00:42.0000000,82,10
63082002,2023-10-31 12:00:44.0000000,82,10
63082002,2023-10-31 12:00:46.0000000,82,9
63082002,2023-10-31 12:00:52.0000000,82,10
63082002,2023-10-31 12:00:58.0000000,82,10
63082002,2023-10-31 12:00:58.0000000,82,9
63082002,2023-10-31 12:01:02.0000000,82,9
63082002,2023-10-31 12:01:05.0000000,82,9
63082002,2023-10-31 12:01:08.0000000,82,10
63082002,2023-10-31 12:01:11.0000000,82,9
63082002,2023-10-31 12:01:12.0000000,82,10
63082002,2023-10-31 12:01:13.0000000,82,9
63082002,2023-10-31 12:01:18.0000000,82,10
63082002,2023-10-31 12:01:33.0000000,82,10
63082002,2023-10-31 12:01:43.0000000,82,9
63082002,2023-10-31 12:01:45.0000000,82,10
63082002,2023-10-31 12:01:56.0000000,82,10
63082002,2023-10-31 12:01:56.0000000,82,10
63082002,2023-10-31 12:02:07.0000000,82,9
63082002,2023-10-31 12:02:09.0000000,82,9
63082002,2023-10-31 12:02:10.0000000,82,9
63082002,2023-10-31 12:02:13.0000000,82,10
63082002,2023-10-31 12:02:14.0000000,82,9
63082002,2023-10-31 12:02:18.0000000,82,10
63082002,2023-10-31 12:02:18.0000000,82,10
63082002,2023-10-31 12:02:23.0000000,82,10
63082002,2023-10-31 12:02:25.0000000,82,10
63082002,2023-10-31 12:02:26.0000000,82,10
63082002,2023-10-31 12:02:30.0000000,82,9
63082002,2023-10-31 12:02:30.0000000,82,10
63082002,2023-10-31 12:02:41.0000000,82,10
63082002,2023-10-31 12:02:46.0000000,82,9
63082002,2023-10-31 12:02:46.0000000,82,10
63082002,2023-10-31 12:02:48.0000000,82,10
63082002,2023-10-31 12:03:17.0000000,82,10
63082002,2023-10-31 12:03:25.0000000,82,10
63082002,2023-10-31 12:03:27.0000000,82,10
63082002,2023-10-31 12:03:31.0000000,82,9
63082002,2023-10-31 12:03:31.0000000,82,10
63082002,2023-10-31 12:03:32.0000000,82,10
63082002,2023-10-31 12:03:34.0000000,82,10
63082002,2023-10-31 12:03:35.0000000,82,9
63082002,2023-10-31 12:03:37.0000000,82,10
63082002,2023-10-31 12:03:39.0000000,82,9
63082002,2023-10-31 12:03:48.0000000,82,10
63082002,2023-10-31 12:03:52.0000000,82,10
63082002,2023-10-31 12:03:53.0000000,82,9
63082002,2023-10-31 12:03:54.0000000,82,9
63082002,2023-10-31 12:03:55.0000000,82,10
63082002,2023-10-31 12:04:00.0000000,82,10
63082002,2023-10-31 12:04:01.0000000,82,10
63082002,2023-10-31 12:04:07.0000000,82,10
63082002,2023-10-31 12:04:08.0000000,82,10
63082002,2023-10-31 12:04:13.0000000,82,10
63082002,2023-10-31 12:04:25.0000000,82,10
63082002,2023-10-31 12:04:27.0000000,82,10
63082002,2023-10-31 12:04:40.0000000,82,10
63082002,2023-10-31 12:04:46.0000000,82,9
63082002,2023-10-31 12:04:46.0000000,82,9
63082002,2023-10-31 12:04:49.0000000,82,9
63082002,2023-10-31 12:04:54.0000000,82,9
63082002,2023-10-31 12:04:55.0000000,82,10
63082002,2023-10-31 12:04:58.0000000,82,10
63082002,2023-10-31 12:05:00.0000000,82,10
63082002,2023-10-31 12:05:00.0000000,82,9
63082002,2023-10-31 12:05:11.0000000,82,10
63082002,2023-10-31 12:05:14.0000000,82,10
63082002,2023-10-31 12:05:15.0000000,82,10
63082002,2023-10-31 12:05:16.0000000,82,10
63082002,2023-10-31 12:05:20.0000000,82,10
63082002,2023-10-31 12:05:20.0000000,82,10
63082002,2023-10-31 12:05:22.0000000,82,10
63082002,2023-10-31 12:05:30.0000000,82,10
63082002,2023-10-31 12:05:33.0000000,82,10
63082002,2023-10-31 12:05:36.0000000,82,10
63082002,2023-10-31 12:05:41.0000000,82,10
63082002,2023-10-31 12:05:43.0000000,82,10
63082002,2023-10-31 12:05:46.0000000,82,9
63082002,2023-10-31 12:05:47.0000000,82,10
63082002,2023-10-31 12:05:51.0000000,82,10
63082002,2023-10-31 12:06:00.0000000,82,9
63082002,2023-10-31 12:06:08.0000000,82,9
63082002,2023-10-31 12:06:23.0000000,82,10
63082002,2023-10-31 12:06:25.0000000,82,10
63082002,2023-10-31 12:06:27.0000000,82,10
63082002,2023-10-31 12:06:31.0000000,82,10
63082002,2023-10-31 12:06:34.0000000,82,10
63082002,2023-10-31 12:06:36.0000000,82,10
63082002,2023-10-31 12:06:38.0000000,82,10
63082002,2023-10-31 12:06:50.0000000,82,9
63082002,2023-10-31 12:06:51.0000000,82,10
63082002,2023-10-31 12:07:08.0000000,82,10
63082002,2023-10-31 12:07:13.0000000,82,9
63082002,2023-10-31 12:07:21.0000000,82,9
63082002,2023-10-31 12:07:22.0000000,82,10
63082002,2023-10-31 12:07:22.0000000,82,9
63082002,2023-10-31 12:07:31.0000000,82,10
63082002,2023-10-31 12:07:32.0000000,82,9
63082002,2023-10-31 12:07:35.0000000,82,10
63082002,2023-10-31 12:07:35.0000000,82,9
63082002,2023-10-31 12:07:37.0000000,82,10
63082002,2023-10-31 12:07:41.0000000,82,9
63082002,2023-10-31 12:07:54.0000000,82,10
63082002,2023-10-31 12:08:23.0000000,82,10
63082002,2023-10-31 12:08:29.0000000,82,9
63082002,2023-10-31 12:08:30.0000000,82,10
63082002,2023-10-31 12:08:36.0000000,82,9
63082002,2023-10-31 12:08:40.0000000,82,9
63082002,2023-10-31 12:08:41.0000000,82,10
63082002,2023-10-31 12:08:42.0000000,82,9
63082002,2023-10-31 12:08:45.0000000,82,9
63082002,2023-10-31 12:08:47.0000000,82,9
63082002,2023-10-31 12:08:49.0000000,82,9
63082002,2023-10-31 12:08:51.0000000,82,10
63082002,2023-10-31 12:08:58.0000000,82,9
63082002,2023-10-31 12:09:01.0000000,82,10
63082002,2023-10-31 12:09:05.0000000,82,10
63082002,2023-10-31 12:09:07.0000000,82,10
63082002,2023-10-31 12:09:23.0000000,82,9
63082002,2023-10-31 12:09:34.0000000,82,9
63082002,2023-10-31 12:09:34.0000000,82,10
63082002,2023-10-31 12:09:44.0000000,82,10
63082002,2023-10-31 12:09:48.0000000,82,10
63082002,2023-10-31 12:09:49.0000000,82,10
63082002,2023-10-31 12:09:50.0000000,82,10
63082002,2023-10-31 12:09:52.0000000,82,10
63082002,2023-10-31 12:09:56.0000000,82,9
63082002,2023-10-31 12:10:02.0000000,82,10
63082002,2023-10-31 12:10:05.0000000,82,10
63082002,2023-10-31 12:10:10.0000000,82,10
63082002,2023-10-31 12:10:16.0000000,82,10
63082002,2023-10-31 12:10:20.0000000,82,9
63082002,2023-10-31 12:10:25.0000000,82,10
63082002,2023-10-31 12:10:35.0000000,82,10
63082002,2023-10-31 12:10:38.0000000,82,9
63082002,2023-10-31 12:10:38.0000000,82,10
63082002,2023-10-31 12:10:41.0000000,82,9
63082002,2023-10-31 12:10:49.0000000,82,10
63082002,2023-10-31 12:10:52.0000000,82,10
63082002,2023-10-31 12:11:12.0000000,82,9
63082002,2023-10-31 12:11:27.0000000,82,10
63082002,2023-10-31 12:11:29.0000000,82,9
63082002,2023-10-31 12:11:31.0000000,82,9
63082002,2023-10-31 12:11:31.0000000,82,10
63082002,2023-10-31 12:11:31.0000000,82,9
63082002,2023-10-31 12:11:33.0000000,82,10
63082002,2023-10-31 12:11:35.0000000,82,9
63082002,2023-10-31 12:11:41.0000000,82,10
63082002,2023-10-31 12:11:44.0000000,82,10
63082002,2023-10-31 12:11:54.0000000,82,10
63082002,2023-10-31 12:11:56.0000000,82,10
63082002,2023-10-31 12:12:07.0000000,82,10
63082002,2023-10-31 12:12:09.0000000,82,9
63082002,2023-10-31 12:12:22.0000000,82,9
63082002,2023-10-31 12:12:23.0000000,82,10
63082002,2023-10-31 12:12:34.0000000,82,10
63082002,2023-10-31 12:12:48.0000000,82,10
63082002,2023-10-31 12:13:09.0000000,82,9
63082002,2023-10-31 12:13:10.0000000,82,10
63082002,2023-10-31 12:13:12.0000000,82,10
63082002,2023-10-31 12:13:16.0000000,82,10
63082002,2023-10-31 12:13:18.0000000,82,9
63082002,2023-10-31 12:13:24.0000000,82,10
63082002,2023-10-31 12:13:25.0000000,82,10
63082002,2023-10-31 12:13:25.0000000,82,10
63082002,2023-10-31 12:13:26.0000000,82,9
63082002,2023-10-31 12:13:26.0000000,82,9
63082002,2023-10-31 12:13:30.0000000,82,10
63082002,2023-10-31 12:13:41.0000000,82,10
63082002,2023-10-31 12:13:45.0000000,82,10
63082002,2023-10-31 12:13:50.0000000,82,10
63082002,2023-10-31 12:13:59.0000000,82,10
63082002,2023-10-31 12:14:04.0000000,82,10
63082002,2023-10-31 12:14:23.0000000,82,9
63082002,2023-10-31 12:14:24.0000000,82,10
63082002,2023-10-31 12:14:52.0000000,82,10
63082002,2023-10-31 12:14:57.0000000,82,9
63082002,2023-10-31 12:14:57.0000000,82,10
63082002,2023-10-31 12:15:00.0000000,82,9
63082002,2023-10-31 12:15:02.0000000,82,10
63082002,2023-10-31 12:15:04.0000000,82,10
63082002,2023-10-31 12:15:10.0000000,82,10
63082002,2023-10-31 12:15:10.0000000,82,9
63082002,2023-10-31 12:15:14.0000000,82,10
63082002,2023-10-31 12:15:16.0000000,82,10
63082002,2023-10-31 12:15:19.0000000,82,10
63082002,2023-10-31 12:15:24.0000000,82,10
63082002,2023-10-31 12:15:26.0000000,82,10
63082002,2023-10-31 12:15:35.0000000,82,9
63082002,2023-10-31 12:15:48.0000000,82,10
63082002,2023-10-31 12:16:01.0000000,82,9
63082002,2023-10-31 12:16:05.0000000,82,10
63082002,2023-10-31 12:16:12.0000000,82,10
63082002,2023-10-31 12:16:15.0000000,82,10
63082002,2023-10-31 12:16:24.0000000,82,10
63082002,2023-10-31 12:16:31.0000000,82,9
63082002,2023-10-31 12:16:34.0000000,82,10
63082002,2023-10-31 12:16:35.0000000,82,10
63082002,2023-10-31 12:16:40.0000000,82,9
63082002,2023-10-31 12:16:56.0000000,82,10
63082002,2023-10-31 12:17:10.0000000,82,9
63082002,2023-10-31 12:17:11.0000000,82,10
63082002,2023-10-31 12:17:13.0000000,82,10
63082002,2023-10-31 12:17:17.0000000,82,9
63082002,2023-10-31 12:17:30.0000000,82,9
63082002,2023-10-31 12:17:38.0000000,82,9
63082002,2023-10-31 12:17:40.0000000,82,10
63082002,2023-10-31 12:17:48.0000000,82,9
63082002,2023-10-31 12:17:49.0000000,82,10
63082002,2023-10-31 12:17:53.0000000,82,9
63082002,2023-10-31 12:17:53.0000000,82,10
63082002,2023-10-31 12:18:00.0000000,82,9
63082002,2023-10-31 12:18:02.0000000,82,9
63082002,2023-10-31 12:18:04.0000000,82,10
63082002,2023-10-31 12:18:14.0000000,82,10
63082002,2023-10-31 12:18:25.0000000,82,9
63082002,2023-10-31 12:18:26.0000000,82,10
63082002,2023-10-31 12:18:44.0000000,82,9
63082002,2023-10-31 12:18:54.0000000,82,9
63082002,2023-10-31 12:19:01.0000000,82,10
63082002,2023-10-31 12:19:04.0000000,82,9
63082002,2023-10-31 12:19:07.0000000,82,10
63082002,2023-10-31 12:19:12.0000000,82,9
63082002,2023-10-31 12:19:26.0000000,82,10
63082002,2023-10-31 12:19:31.0000000,82,10
63082002,2023-10-31 12:19:40.0000000,82,10
63082002,2023-10-31 12:20:07.0000000,82,9
63082002,2023-10-31 12:20:16.0000000,82,9
63082002,2023-10-31 12:20:17.0000000,82,10
63082002,2023-10-31 12:20:21.0000000,82,9
63082002,2023-10-31 12:20:21.0000000,82,10
63082002,2023-10-31 12:20:22.0000000,82,9
63082002,2023-10-31 12:20:23.0000000,82,9
63082002,2023-10-31 12:20:24.0000000,82,10
63082002,2023-10-31 12:20:25.0000000,82,9
63082002,2023-10-31 12:20:25.0000000,82,10
63082002,2023-10-31 12:20:26.0000000,82,9
63082002,2023-10-31 12:20:28.0000000,82,10
63082002,2023-10-31 12:20:40.0000000,82,9
63082002,2023-10-31 12:20:53.0000000,82,9
63082002,2023-10-31 12:21:00.0000000,82,10
63082002,2023-10-31 12:21:14.0000000,82,10
63082002,2023-10-31 12:21:24.0000000,82,10
63082002,2023-10-31 12:21:30.0000000,82,10
63082002,2023-10-31 12:21:38.0000000,82,9
63082002,2023-10-31 12:22:00.0000000,82,10
63082002,2023-10-31 12:22:02.0000000,82,9
63082002,2023-10-31 12:22:05.0000000,82,9
63082002,2023-10-31 12:22:09.0000000,82,10
63082002,2023-10-31 12:22:14.0000000,82,10
63082002,2023-10-31 12:22:14.0000000,82,9
63082002,2023-10-31 12:22:15.0000000,82,10
63082002,2023-10-31 12:22:20.0000000,82,10
63082002,2023-10-31 12:22:24.0000000,82,10
63082002,2023-10-31 12:22:56.0000000,82,10
63082002,2023-10-31 12:23:21.0000000,82,10
63082002,2023-10-31 12:23:29.0000000,82,9
63082002,2023-10-31 12:23:40.0000000,82,9
63082002,2023-10-31 12:23:40.0000000,82,10
63082002,2023-10-31 12:23:42.0000000,82,9
63082002,2023-10-31 12:23:43.0000000,82,10
63082002,2023-10-31 12:23:54.0000000,82,9
63082002,2023-10-31 12:23:58.0000000,82,9
63082002,2023-10-31 12:24:02.0000000,82,10
63082002,2023-10-31 12:24:06.0000000,82,9
63082002,2023-10-31 12:24:12.0000000,82,10
63082002,2023-10-31 12:24:13.0000000,82,10
63082002,2023-10-31 12:24:14.0000000,82,10
63082002,2023-10-31 12:24:15.0000000,82,10
63082002,2023-10-31 12:24:16.0000000,82,10
63082002,2023-10-31 12:24:16.0000000,82,10
63082002,2023-10-31 12:24:18.0000000,82,10
63082002,2023-10-31 12:24:24.0000000,82,10
63082002,2023-10-31 12:24:24.0000000,82,10
63082002,2023-10-31 12:24:26.0000000,82,10
63082002,2023-10-31 12:24:30.0000000,82,9
63082002,2023-10-31 12:24:40.0000000,82,9
63082002,2023-10-31 12:24:46.0000000,82,10
63082002,2023-10-31 12:25:18.0000000,82,10
63082002,2023-10-31 12:25:19.0000000,82,9
63082002,2023-10-31 12:25:23.0000000,82,9
63082002,2023-10-31 12:25:27.0000000,82,9
63082002,2023-10-31 12:25:30.0000000,82,9
63082002,2023-10-31 12:25:33.0000000,82,9
63082002,2023-10-31 12:25:36.0000000,82,9
63082002,2023-10-31 12:25:38.0000000,82,10
63082002,2023-10-31 12:25:47.0000000,82,10
63082002,2023-10-31 12:25:52.0000000,82,10
63082002,2023-10-31 12:26:02.0000000,82,9
63082002,2023-10-31 12:26:06.0000000,82,10
63082002,2023-10-31 12:26:07.0000000,82,10
63082002,2023-10-31 12:26:09.0000000,82,10
63082002,2023-10-31 12:26:14.0000000,82,9
63082002,2023-10-31 12:26:17.0000000,82,10
63082002,2023-10-31 12:26:23.0000000,82,9
63082002,2023-10-31 12:26:23.0000000,82,9
63082002,2023-10-31 12:26:30.0000000,82,10
63082002,2023-10-31 12:26:33.0000000,82,9
63082002,2023-10-31 12:26:55.0000000,82,9
63082002,2023-10-31 12:27:09.0000000,82,9
63082002,2023-10-31 12:27:21.0000000,82,9
63082002,2023-10-31 12:27:25.0000000,82,10
63082002,2023-10-31 12:27:28.0000000,82,10
63082002,2023-10-31 12:27:31.0000000,82,10
63082002,2023-10-31 12:27:34.0000000,82,10
63082002,2023-10-31 12:27:37.0000000,82,10
63082002,2023-10-31 12:27:42.0000000,82,10
63082002,2023-10-31 12:27:50.0000000,82,9
63082002,2023-10-31 12:28:04.0000000,82,10
63082002,2023-10-31 12:28:09.0000000,82,10
63082002,2023-10-31 12:28:12.0000000,82,10
63082002,2023-10-31 12:28:28.0000000,82,10
63082002,2023-10-31 12:28:28.0000000,82,10
63082002,2023-10-31 12:28:38.0000000,82,10
63082002,2023-10-31 12:28:47.0000000,82,10
63082002,2023-10-31 12:28:57.0000000,82,10
63082002,2023-10-31 12:28:58.0000000,82,9
63082002,2023-10-31 12:29:01.0000000,82,10
63082002,2023-10-31 12:29:05.0000000,82,9
63082002,2023-10-31 12:29:06.0000000,82,10
63082002,2023-10-31 12:29:06.0000000,82,9
63082002,2023-10-31 12:29:07.0000000,82,10
63082002,2023-10-31 12:29:10.0000000,82,9
63082002,2023-10-31 12:29:11.0000000,82,10
63082002,2023-10-31 12:29:13.0000000,82,10
63082002,2023-10-31 12:29:17.0000000,82,9
63082002,2023-10-31 12:29:23.0000000,82,9
63082002,2023-10-31 12:29:31.0000000,82,9
63082002,2023-10-31 12:29:38.0000000,82,9
63082002,2023-10-31 12:29:52.0000000,82,10
63082002,2023-10-31 12:30:16.0000000,82,10
63082002,2023-10-31 12:30:16.0000000,82,9
63082002,2023-10-31 12:30:17.0000000,82,10
63082002,2023-10-31 12:30:18.0000000,82,9
63082002,2023-10-31 12:30:26.0000000,82,10
63082002,2023-10-31 12:30:32.0000000,82,10
63082002,2023-10-31 12:30:35.0000000,82,10
63082002,2023-10-31 12:30:36.0000000,82,9
63082002,2023-10-31 12:30:39.0000000,82,10
63082002,2023-10-31 12:30:44.0000000,82,9
63082002,2023-10-31 12:30:44.0000000,82,10
63082002,2023-10-31 12:30:47.0000000,82,10
63082002,2023-10-31 12:30:49.0000000,82,9
63082002,2023-10-31 12:31:00.0000000,82,9
63082002,2023-10-31 12:31:02.0000000,82,10
63082002,2023-10-31 12:31:03.0000000,82,10
63082002,2023-10-31 12:31:05.0000000,82,10
63082002,2023-10-31 12:31:07.0000000,82,10
63082002,2023-10-31 12:31:18.0000000,82,10
63082002,2023-10-31 12:31:24.0000000,82,9
63082002,2023-10-31 12:31:25.0000000,82,9
63082002,2023-10-31 12:31:39.0000000,82,10
63082002,2023-10-31 12:31:43.0000000,82,10
63082002,2023-10-31 12:31:46.0000000,82,9
63082002,2023-10-31 12:31:54.0000000,82,10
63082002,2023-10-31 12:31:55.0000000,82,9
63082002,2023-10-31 12:32:01.0000000,82,10
63082002,2023-10-31 12:32:07.0000000,82,9
63082002,2023-10-31 12:32:07.0000000,82,10
63082002,2023-10-31 12:32:09.0000000,82,9
63082002,2023-10-31 12:32:10.0000000,82,10
63082002,2023-10-31 12:32:16.0000000,82,9
63082002,2023-10-31 12:32:19.0000000,82,10
63082002,2023-10-31 12:32:21.0000000,82,9
63082002,2023-10-31 12:32:22.0000000,82,9
63082002,2023-10-31 12:32:24.0000000,82,9
63082002,2023-10-31 12:32:27.0000000,82,9
63082002,2023-10-31 12:32:32.0000000,82,9
63082002,2023-10-31 12:32:43.0000000,82,10
63082002,2023-10-31 12:32:48.0000000,82,9
63082002,2023-10-31 12:32:50.0000000,82,10
63082002,2023-10-31 12:32:51.0000000,82,10
63082002,2023-10-31 12:32:57.0000000,82,9
63082002,2023-10-31 12:32:57.0000000,82,10
63082002,2023-10-31 12:32:58.0000000,82,9
63082002,2023-10-31 12:33:06.0000000,82,9
63082002,2023-10-31 12:33:08.0000000,82,10
63082002,2023-10-31 12:33:14.0000000,82,9
63082002,2023-10-31 12:33:15.0000000,82,10
63082002,2023-10-31 12:33:16.0000000,82,10
63082002,2023-10-31 12:33:20.0000000,82,9
63082002,2023-10-31 12:33:32.0000000,82,9
63082002,2023-10-31 12:33:32.0000000,82,10
63082002,2023-10-31 12:33:33.0000000,82,10
63082002,2023-10-31 12:33:42.0000000,82,10
63082002,2023-10-31 12:33:45.0000000,82,10
63082004,2023-10-31 12:20:45.0000000,82,9
63082004,2023-10-31 12:20:48.0000000,82,9
63082004,2023-10-31 12:20:56.0000000,82,9
63082004,2023-10-31 12:21:10.0000000,82,9
63082004,2023-10-31 12:21:22.0000000,82,9
63082004,2023-10-31 12:21:34.0000000,82,9
63082004,2023-10-31 12:21:37.0000000,82,9
63082004,2023-10-31 12:21:39.0000000,82,9
63082004,2023-10-31 12:21:47.0000000,82,9
63082004,2023-10-31 12:22:11.0000000,82,9
63082004,2023-10-31 12:22:43.0000000,82,9
63082004,2023-10-31 12:22:52.0000000,82,9
63082004,2023-10-31 12:23:16.0000000,82,9
63082004,2023-10-31 12:23:19.0000000,82,9
63082004,2023-10-31 12:24:00.0000000,82,9
63082004,2023-10-31 12:24:09.0000000,82,9
63082004,2023-10-31 12:24:16.0000000,82,9
63082004,2023-10-31 12:24:21.0000000,82,9
63082004,2023-10-31 12:25:18.0000000,82,9
63082004,2023-10-31 12:25:25.0000000,82,9
63082004,2023-10-31 12:25:30.0000000,82,9
63082004,2023-10-31 12:25:40.0000000,82,9
63082004,2023-10-31 12:26:05.0000000,82,9
63082004,2023-10-31 12:26:14.0000000,82,9
63082004,2023-10-31 12:26:26.0000000,82,9
63082004,2023-10-31 12:26:33.0000000,82,9
63082004,2023-10-31 12:26:36.0000000,82,9
63082004,2023-10-31 12:26:39.0000000,82,9
63082004,2023-10-31 12:26:43.0000000,82,9
63082004,2023-10-31 12:26:53.0000000,82,9
63082004,2023-10-31 12:27:12.0000000,82,9
63082004,2023-10-31 12:27:21.0000000,82,9
63082004,2023-10-31 12:27:37.0000000,82,9
63082004,2023-10-31 12:28:02.0000000,82,9
63082004,2023-10-31 12:28:20.0000000,82,9
63082004,2023-10-31 12:28:27.0000000,82,9
63082004,2023-10-31 12:28:29.0000000,82,9
63082004,2023-10-31 12:28:35.0000000,82,9
63082004,2023-10-31 12:28:42.0000000,82,9
63082004,2023-10-31 12:28:44.0000000,82,9
63082004,2023-10-31 12:28:48.0000000,82,9
63082004,2023-10-31 12:28:50.0000000,82,9
63082004,2023-10-31 12:29:32.0000000,82,9
63082004,2023-10-31 12:29:37.0000000,82,9
63082004,2023-10-31 12:29:48.0000000,82,9
63082004,2023-10-31 12:29:51.0000000,82,9
63082004,2023-10-31 12:29:54.0000000,82,9
63082004,2023-10-31 12:30:12.0000000,82,9
63082004,2023-10-31 12:30:47.0000000,82,9
63082004,2023-10-31 12:30:52.0000000,82,9
63082004,2023-10-31 12:30:55.0000000,82,9
63082004,2023-10-31 12:30:59.0000000,82,9
63082004,2023-10-31 12:31:13.0000000,82,9
63082004,2023-10-31 12:31:24.0000000,82,9
63082004,2023-10-31 12:31:37.0000000,82,9
63082004,2023-10-31 12:31:42.0000000,82,9
63082004,2023-10-31 12:31:45.0000000,82,9
63082004,2023-10-31 12:31:48.0000000,82,9
63082004,2023-10-31 12:31:58.0000000,82,9
63082004,2023-10-31 12:32:16.0000000,82,9
63082004,2023-10-31 12:32:23.0000000,82,9
63082004,2023-10-31 12:32:36.0000000,82,9
63082004,2023-10-31 12:32:40.0000000,82,9
63082004,2023-10-31 12:32:47.0000000,82,9
63082004,2023-10-31 12:33:35.0000000,82,9
63082004,2023-10-31 12:33:39.0000000,82,9
63082004,2023-10-31 12:33:41.0000000,82,9
63082004,2023-10-31 12:33:43.0000000,82,9
63082004,2023-10-31 12:33:45.0000000,82,9
63082004,2023-10-31 12:33:46.0000000,82,9
63082004,2023-10-31 12:33:48.0000000,82,9
63082004,2023-10-31 12:33:53.0000000,82,9
63082004,2023-10-31 12:33:55.0000000,82,9
63082004,2023-10-31 12:33:57.0000000,82,9
63082004,2023-10-31 12:33:58.0000000,82,9
63082004,2023-10-31 12:34:01.0000000,82,9
63082004,2023-10-31 12:34:04.0000000,82,9
63082004,2023-10-31 12:34:10.0000000,82,9
63082004,2023-10-31 12:34:16.0000000,82,9
63082004,2023-10-31 12:34:30.0000000,82,9
63082004,2023-10-31 12:34:31.0000000,82,9
63082004,2023-10-31 12:34:41.0000000,82,9
63082004,2023-10-31 12:34:45.0000000,82,9
63082004,2023-10-31 12:34:51.0000000,82,9
63082004,2023-10-31 12:34:53.0000000,82,9
63082004,2023-10-31 12:35:35.0000000,82,9
63082004,2023-10-31 12:35:41.0000000,82,9
63082004,2023-10-31 12:35:49.0000000,82,9
63082004,2023-10-31 12:35:51.0000000,82,9
63082004,2023-10-31 12:36:02.0000000,82,9
63082004,2023-10-31 12:36:36.0000000,82,9
63082004,2023-10-31 12:36:37.0000000,82,9
63082004,2023-10-31 12:36:39.0000000,82,9
63082004,2023-10-31 12:36:47.0000000,82,9
63082004,2023-10-31 12:37:02.0000000,82,9
63082004,2023-10-31 12:37:13.0000000,82,9
63082004,2023-10-31 12:37:18.0000000,82,9
63082004,2023-10-31 12:37:22.0000000,82,9
63082004,2023-10-31 12:37:56.0000000,82,9
63082004,2023-10-31 12:38:14.0000000,82,9
63082004,2023-10-31 12:38:17.0000000,82,9
63082004,2023-10-31 12:38:24.0000000,82,9
63082004,2023-10-31 12:38:37.0000000,82,9
63082004,2023-10-31 12:38:40.0000000,82,9
63082004,2023-10-31 12:38:48.0000000,82,9
63082004,2023-10-31 12:38:54.0000000,82,9
63082004,2023-10-31 12:38:58.0000000,82,9
63082004,2023-10-31 12:39:02.0000000,82,9
63082004,2023-10-31 12:39:03.0000000,82,9
63082004,2023-10-31 12:39:12.0000000,82,9
63082004,2023-10-31 12:39:23.0000000,82,9
63082004,2023-10-31 12:39:24.0000000,82,9
63082004,2023-10-31 12:39:38.0000000,82,9
63082004,2023-10-31 12:40:04.0000000,82,9
63082004,2023-10-31 12:40:10.0000000,82,9
63082004,2023-10-31 12:40:29.0000000,82,9
63082004,2023-10-31 12:40:32.0000000,82,9
63082004,2023-10-31 12:40:35.0000000,82,9
63082004,2023-10-31 12:40:38.0000000,82,9
63082004,2023-10-31 12:41:00.0000000,82,9
63082004,2023-10-31 12:41:09.0000000,82,9
63082004,2023-10-31 12:41:13.0000000,82,9
63082004,2023-10-31 12:41:21.0000000,82,9
63082004,2023-10-31 12:41:23.0000000,82,9
63082004,2023-10-31 12:41:28.0000000,82,9
63082004,2023-10-31 12:41:31.0000000,82,9
63082004,2023-10-31 12:41:33.0000000,82,9
63082004,2023-10-31 12:41:37.0000000,82,9
63082004,2023-10-31 12:41:39.0000000,82,9
63082004,2023-10-31 12:41:46.0000000,82,9
63082004,2023-10-31 12:41:54.0000000,82,9
63082004,2023-10-31 12:41:56.0000000,82,9
63082004,2023-10-31 12:41:58.0000000,82,9
63082004,2023-10-31 12:42:13.0000000,82,9
63082004,2023-10-31 12:42:29.0000000,82,9
63082004,2023-10-31 12:42:38.0000000,82,9
63082004,2023-10-31 12:43:09.0000000,82,9
63082004,2023-10-31 12:43:31.0000000,82,9
63082004,2023-10-31 12:43:32.0000000,82,9
63082004,2023-10-31 12:43:34.0000000,82,9
63082004,2023-10-31 12:43:41.0000000,82,9
63082004,2023-10-31 12:44:25.0000000,82,9
63082004,2023-10-31 12:44:28.0000000,82,9
63082004,2023-10-31 12:44:35.0000000,82,9
63082004,2023-10-31 12:44:55.0000000,82,9
63082004,2023-10-31 12:45:29.0000000,82,9
63082004,2023-10-31 12:45:32.0000000,82,9
63082004,2023-10-31 12:45:43.0000000,82,9
63082004,2023-10-31 12:45:45.0000000,82,9
63082004,2023-10-31 12:45:51.0000000,82,9
63082004,2023-10-31 12:46:29.0000000,82,9
63082004,2023-10-31 12:46:34.0000000,82,9
63082004,2023-10-31 12:46:44.0000000,82,9
63082004,2023-10-31 12:46:46.0000000,82,9
63082004,2023-10-31 12:46:46.0000000,82,9
63082004,2023-10-31 12:46:48.0000000,82,9
63082004,2023-10-31 12:46:49.0000000,82,9
63082004,2023-10-31 12:46:57.0000000,82,9
63082004,2023-10-31 12:47:02.0000000,82,9
63082004,2023-10-31 12:47:08.0000000,82,9
63082004,2023-10-31 12:47:10.0000000,82,9
63082004,2023-10-31 12:47:14.0000000,82,9
63082004,2023-10-31 12:47:15.0000000,82,9
63082004,2023-10-31 12:48:10.0000000,82,9
63082004,2023-10-31 12:48:36.0000000,82,9
63082004,2023-10-31 12:48:43.0000000,82,9
63082004,2023-10-31 12:48:49.0000000,82,9
63082004,2023-10-31 12:48:51.0000000,82,9
63082004,2023-10-31 12:48:58.0000000,82,9
63082004,2023-10-31 12:49:13.0000000,82,9
63082004,2023-10-31 12:49:20.0000000,82,9
63082004,2023-10-31 12:49:51.0000000,82,9
63082004,2023-10-31 12:50:05.0000000,82,9
63082004,2023-10-31 12:50:11.0000000,82,9
63082004,2023-10-31 12:50:23.0000000,82,9
63082004,2023-10-31 12:50:59.0000000,82,9
63082004,2023-10-31 12:51:04.0000000,82,9
63082004,2023-10-31 12:51:09.0000000,82,9
63082004,2023-10-31 12:51:11.0000000,82,9
63082004,2023-10-31 12:51:16.0000000,82,9
63082004,2023-10-31 12:51:20.0000000,82,9
63082004,2023-10-31 12:51:21.0000000,82,9
63082004,2023-10-31 12:51:24.0000000,82,9
63082004,2023-10-31 12:51:26.0000000,82,9
63082004,2023-10-31 12:51:32.0000000,82,9
63082004,2023-10-31 12:51:53.0000000,82,9
63082004,2023-10-31 12:52:28.0000000,82,9
63082004,2023-10-31 12:52:32.0000000,82,9
63082004,2023-10-31 12:52:34.0000000,82,9
63082004,2023-10-31 11:55:17.0000000,82,9
63082004,2023-10-31 11:55:19.0000000,82,9
63082004,2023-10-31 11:55:23.0000000,82,9
63082004,2023-10-31 11:55:28.0000000,82,9
63082004,2023-10-31 11:55:35.0000000,82,9
63082004,2023-10-31 11:56:01.0000000,82,9
63082004,2023-10-31 11:56:04.0000000,82,9
63082004,2023-10-31 11:56:05.0000000,82,9
63082004,2023-10-31 11:56:07.0000000,82,9
63082004,2023-10-31 11:56:16.0000000,82,9
63082004,2023-10-31 11:56:30.0000000,82,9
63082004,2023-10-31 11:56:34.0000000,82,9
63082004,2023-10-31 11:56:44.0000000,82,9
63082004,2023-10-31 11:56:47.0000000,82,9
63082004,2023-10-31 11:57:24.0000000,82,9
63082004,2023-10-31 11:57:29.0000000,82,9
63082004,2023-10-31 11:57:31.0000000,82,9
63082004,2023-10-31 11:57:58.0000000,82,9
63082004,2023-10-31 11:58:17.0000000,82,9
63082004,2023-10-31 11:58:34.0000000,82,9
63082004,2023-10-31 11:58:39.0000000,82,9
63082004,2023-10-31 11:58:42.0000000,82,9
63082004,2023-10-31 11:58:47.0000000,82,9
63082004,2023-10-31 11:58:50.0000000,82,9
63082004,2023-10-31 11:58:52.0000000,82,9
63082004,2023-10-31 11:59:14.0000000,82,9
63082004,2023-10-31 11:59:15.0000000,82,9
63082004,2023-10-31 11:59:22.0000000,82,9
63082004,2023-10-31 11:59:34.0000000,82,9
63082004,2023-10-31 12:00:08.0000000,82,9
63082004,2023-10-31 12:00:13.0000000,82,9
63082004,2023-10-31 12:00:21.0000000,82,9
63082004,2023-10-31 12:00:35.0000000,82,9
63082004,2023-10-31 12:00:45.0000000,82,9
63082004,2023-10-31 12:00:58.0000000,82,9
63082004,2023-10-31 12:01:04.0000000,82,9
63082004,2023-10-31 12:01:11.0000000,82,9
63082004,2023-10-31 12:01:32.0000000,82,9
63082004,2023-10-31 12:01:46.0000000,82,9
63082004,2023-10-31 12:01:48.0000000,82,9
63082004,2023-10-31 12:02:04.0000000,82,9
63082004,2023-10-31 12:02:20.0000000,82,9
63082004,2023-10-31 12:02:38.0000000,82,9
63082004,2023-10-31 12:02:41.0000000,82,9
63082004,2023-10-31 12:02:48.0000000,82,9
63082004,2023-10-31 12:02:53.0000000,82,9
63082004,2023-10-31 12:03:11.0000000,82,9
63082004,2023-10-31 12:03:16.0000000,82,9
63082004,2023-10-31 12:03:36.0000000,82,9
63082004,2023-10-31 12:03:41.0000000,82,9
63082004,2023-10-31 12:03:44.0000000,82,9
63082004,2023-10-31 12:03:47.0000000,82,9
63082004,2023-10-31 12:03:57.0000000,82,9
63082004,2023-10-31 12:03:59.0000000,82,9
63082004,2023-10-31 12:04:06.0000000,82,9
63082004,2023-10-31 12:04:08.0000000,82,9
63082004,2023-10-31 12:04:10.0000000,82,9
63082004,2023-10-31 12:04:13.0000000,82,9
63082004,2023-10-31 12:04:16.0000000,82,9
63082004,2023-10-31 12:04:21.0000000,82,9
63082004,2023-10-31 12:04:28.0000000,82,9
63082004,2023-10-31 12:04:33.0000000,82,9
63082004,2023-10-31 12:04:53.0000000,82,9
63082004,2023-10-31 12:05:28.0000000,82,9
63082004,2023-10-31 12:06:12.0000000,82,9
63082004,2023-10-31 12:06:19.0000000,82,9
63082004,2023-10-31 12:06:20.0000000,82,9
63082004,2023-10-31 12:06:29.0000000,82,9
63082004,2023-10-31 12:06:46.0000000,82,9
63082004,2023-10-31 12:06:54.0000000,82,9
63082004,2023-10-31 12:07:07.0000000,82,9
63082004,2023-10-31 12:07:10.0000000,82,9
63082004,2023-10-31 12:07:11.0000000,82,9
63082004,2023-10-31 12:07:16.0000000,82,9
63082004,2023-10-31 12:07:38.0000000,82,9
63082004,2023-10-31 12:07:42.0000000,82,9
63082004,2023-10-31 12:07:48.0000000,82,9
63082004,2023-10-31 12:07:54.0000000,82,9
63082004,2023-10-31 12:08:04.0000000,82,9
63082004,2023-10-31 12:08:07.0000000,82,9
63082004,2023-10-31 12:08:11.0000000,82,9
63082004,2023-10-31 12:08:29.0000000,82,9
63082004,2023-10-31 12:08:32.0000000,82,9
63082004,2023-10-31 12:08:39.0000000,82,9
63082004,2023-10-31 12:08:46.0000000,82,9
63082004,2023-10-31 12:08:48.0000000,82,9
63082004,2023-10-31 12:08:55.0000000,82,9
63082004,2023-10-31 12:09:15.0000000,82,9
63082004,2023-10-31 12:09:49.0000000,82,9
63082004,2023-10-31 12:10:00.0000000,82,9
63082004,2023-10-31 12:10:12.0000000,82,9
63082004,2023-10-31 12:10:16.0000000,82,9
63082004,2023-10-31 12:10:52.0000000,82,9
63082004,2023-10-31 12:11:09.0000000,82,9
63082004,2023-10-31 12:11:13.0000000,82,9
63082004,2023-10-31 12:11:23.0000000,82,9
63082004,2023-10-31 12:11:25.0000000,82,9
63082004,2023-10-31 12:11:28.0000000,82,9
63082004,2023-10-31 12:12:01.0000000,82,9
63082004,2023-10-31 12:12:04.0000000,82,9
63082004,2023-10-31 12:12:26.0000000,82,9
63082004,2023-10-31 12:12:39.0000000,82,9
63082004,2023-10-31 12:12:43.0000000,82,9
63082004,2023-10-31 12:12:52.0000000,82,9
63082004,2023-10-31 12:13:02.0000000,82,9
63082004,2023-10-31 12:13:06.0000000,82,9
63082004,2023-10-31 12:13:11.0000000,82,9
63082004,2023-10-31 12:13:39.0000000,82,9
63082004,2023-10-31 12:13:40.0000000,82,9
63082004,2023-10-31 12:13:45.0000000,82,9
63082004,2023-10-31 12:13:48.0000000,82,9
63082004,2023-10-31 12:13:53.0000000,82,9
63082004,2023-10-31 12:13:59.0000000,82,9
63082004,2023-10-31 12:14:09.0000000,82,9
63082004,2023-10-31 12:14:11.0000000,82,9
63082004,2023-10-31 12:14:27.0000000,82,9
63082004,2023-10-31 12:14:49.0000000,82,9
63082004,2023-10-31 12:14:50.0000000,82,9
63082004,2023-10-31 12:15:15.0000000,82,9
63082004,2023-10-31 12:15:18.0000000,82,9
63082004,2023-10-31 12:15:30.0000000,82,9
63082004,2023-10-31 12:15:46.0000000,82,9
63082004,2023-10-31 12:15:56.0000000,82,9
63082004,2023-10-31 12:16:20.0000000,82,9
63082004,2023-10-31 12:16:24.0000000,82,9
63082004,2023-10-31 12:16:29.0000000,82,9
63082004,2023-10-31 12:16:43.0000000,82,9
63082004,2023-10-31 12:16:45.0000000,82,9
63082004,2023-10-31 12:16:47.0000000,82,9
63082004,2023-10-31 12:16:49.0000000,82,9
63082004,2023-10-31 12:17:03.0000000,82,9
63082004,2023-10-31 12:17:16.0000000,82,9
63082004,2023-10-31 12:17:39.0000000,82,9
63082004,2023-10-31 12:17:41.0000000,82,9
63082004,2023-10-31 12:17:55.0000000,82,9
63082004,2023-10-31 12:18:30.0000000,82,9
63082004,2023-10-31 12:18:54.0000000,82,9
63082004,2023-10-31 12:18:59.0000000,82,9
63082004,2023-10-31 12:19:11.0000000,82,9
63082004,2023-10-31 12:19:26.0000000,82,9
63082004,2023-10-31 12:19:36.0000000,82,9
63082004,2023-10-31 12:19:44.0000000,82,9
63082004,2023-10-31 12:20:22.0000000,82,9
63082004,2023-10-31 12:20:25.0000000,82,9
63082002,2023-10-31 13:29:14.0000000,82,9
63082004,2023-10-31 12:52:50.0000000,82,9
63082004,2023-10-31 12:52:52.0000000,82,9
63082004,2023-10-31 12:52:55.0000000,82,9
63082004,2023-10-31 12:53:07.0000000,82,9
63082004,2023-10-31 12:53:13.0000000,82,9
63082004,2023-10-31 12:53:20.0000000,82,9
63082004,2023-10-31 12:53:22.0000000,82,9
63082004,2023-10-31 12:53:24.0000000,82,9
63082004,2023-10-31 12:53:35.0000000,82,9
63082004,2023-10-31 12:53:51.0000000,82,9
63082004,2023-10-31 12:54:22.0000000,82,9
63082004,2023-10-31 12:54:44.0000000,82,9
63082004,2023-10-31 12:54:48.0000000,82,9
63082004,2023-10-31 12:54:59.0000000,82,9
63082004,2023-10-31 12:55:12.0000000,82,9
63082004,2023-10-31 12:55:23.0000000,82,9
63082004,2023-10-31 12:55:26.0000000,82,9
63082004,2023-10-31 12:55:28.0000000,82,9
63082004,2023-10-31 12:55:29.0000000,82,9
63082004,2023-10-31 12:55:34.0000000,82,9
63082004,2023-10-31 12:56:10.0000000,82,9
63082004,2023-10-31 12:56:18.0000000,82,9
63082004,2023-10-31 12:56:21.0000000,82,9
63082004,2023-10-31 12:56:24.0000000,82,9
63082004,2023-10-31 12:56:28.0000000,82,9
63082004,2023-10-31 12:56:40.0000000,82,9
63082004,2023-10-31 12:56:46.0000000,82,9
63082004,2023-10-31 12:57:25.0000000,82,9
63082004,2023-10-31 12:57:35.0000000,82,9
63082004,2023-10-31 12:57:38.0000000,82,9
63082004,2023-10-31 12:57:47.0000000,82,9
63082004,2023-10-31 12:57:59.0000000,82,9
63082004,2023-10-31 12:58:04.0000000,82,9
63082004,2023-10-31 12:58:12.0000000,82,9
63082004,2023-10-31 12:58:15.0000000,82,9
63082004,2023-10-31 12:58:28.0000000,82,9
63082004,2023-10-31 12:58:48.0000000,82,9
63082004,2023-10-31 12:58:53.0000000,82,9
63082004,2023-10-31 12:58:57.0000000,82,9
63082004,2023-10-31 12:58:59.0000000,82,9
63082004,2023-10-31 12:59:04.0000000,82,9
63082004,2023-10-31 12:59:11.0000000,82,9
63082004,2023-10-31 12:59:15.0000000,82,9
63082004,2023-10-31 12:59:18.0000000,82,9
63082004,2023-10-31 12:59:46.0000000,82,9
63082004,2023-10-31 12:59:50.0000000,82,9
63082004,2023-10-31 12:59:55.0000000,82,9
63082004,2023-10-31 12:59:57.0000000,82,9
63082002,2023-10-31 13:00:19.0000000,82,9
63082002,2023-10-31 13:00:21.0000000,82,9
63082002,2023-10-31 13:00:24.0000000,82,10
63082002,2023-10-31 13:00:26.0000000,82,10
63082002,2023-10-31 13:00:30.0000000,82,10
63082002,2023-10-31 13:00:31.0000000,82,10
63082002,2023-10-31 13:00:40.0000000,82,10
63082002,2023-10-31 13:00:52.0000000,82,10
63082002,2023-10-31 13:00:55.0000000,82,10
63082002,2023-10-31 13:01:35.0000000,82,10
63082002,2023-10-31 13:01:45.0000000,82,10
63082002,2023-10-31 13:01:54.0000000,82,10
63082002,2023-10-31 13:01:55.0000000,82,9
63082002,2023-10-31 13:01:56.0000000,82,9
63082002,2023-10-31 13:01:57.0000000,82,10
63082002,2023-10-31 13:02:00.0000000,82,10
63082002,2023-10-31 13:02:06.0000000,82,10
63082002,2023-10-31 13:02:13.0000000,82,10
63082002,2023-10-31 13:02:26.0000000,82,9
63082002,2023-10-31 13:02:26.0000000,82,10
63082002,2023-10-31 13:02:27.0000000,82,10
63082002,2023-10-31 13:02:35.0000000,82,9
63082002,2023-10-31 13:02:45.0000000,82,10
63082002,2023-10-31 13:02:51.0000000,82,10
63082002,2023-10-31 13:02:54.0000000,82,10
63082002,2023-10-31 13:03:02.0000000,82,10
63082002,2023-10-31 13:03:12.0000000,82,10
63082002,2023-10-31 13:03:13.0000000,82,10
63082002,2023-10-31 13:03:14.0000000,82,9
63082002,2023-10-31 13:03:15.0000000,82,10
63082002,2023-10-31 13:03:35.0000000,82,10
63082002,2023-10-31 13:03:38.0000000,82,10
63082002,2023-10-31 13:03:48.0000000,82,9
63082002,2023-10-31 13:03:53.0000000,82,9
63082002,2023-10-31 13:03:55.0000000,82,10
63082002,2023-10-31 13:03:57.0000000,82,9
63082002,2023-10-31 13:04:02.0000000,82,9
63082002,2023-10-31 13:04:03.0000000,82,9
63082002,2023-10-31 13:04:03.0000000,82,10
63082002,2023-10-31 13:04:09.0000000,82,10
63082002,2023-10-31 13:04:10.0000000,82,10
63082002,2023-10-31 13:04:13.0000000,82,10
63082002,2023-10-31 13:04:14.0000000,82,10
63082002,2023-10-31 13:04:18.0000000,82,10
63082002,2023-10-31 13:04:18.0000000,82,10
63082002,2023-10-31 13:04:37.0000000,82,10
63082002,2023-10-31 13:04:43.0000000,82,9
63082002,2023-10-31 13:04:44.0000000,82,9
63082002,2023-10-31 13:04:44.0000000,82,10
63082002,2023-10-31 13:04:45.0000000,82,9
63082002,2023-10-31 13:04:56.0000000,82,10
63082002,2023-10-31 13:04:58.0000000,82,9
63082002,2023-10-31 13:04:58.0000000,82,10
63082002,2023-10-31 13:04:59.0000000,82,10
63082002,2023-10-31 13:05:02.0000000,82,9
63082002,2023-10-31 13:05:03.0000000,82,10
63082002,2023-10-31 13:05:05.0000000,82,9
63082002,2023-10-31 13:05:15.0000000,82,9
63082002,2023-10-31 13:05:15.0000000,82,10
63082002,2023-10-31 13:05:16.0000000,82,10
63082002,2023-10-31 13:05:32.0000000,82,9
63082002,2023-10-31 13:05:33.0000000,82,9
63082002,2023-10-31 13:05:34.0000000,82,10
63082002,2023-10-31 13:05:41.0000000,82,9
63082002,2023-10-31 13:05:54.0000000,82,10
63082002,2023-10-31 13:05:55.0000000,82,9
63082002,2023-10-31 13:05:58.0000000,82,9
63082002,2023-10-31 13:06:01.0000000,82,10
63082002,2023-10-31 13:06:05.0000000,82,10
63082002,2023-10-31 13:06:07.0000000,82,10
63082002,2023-10-31 13:06:10.0000000,82,10
63082002,2023-10-31 13:06:14.0000000,82,9
63082002,2023-10-31 13:06:20.0000000,82,10
63082002,2023-10-31 13:06:21.0000000,82,9
63082002,2023-10-31 13:06:27.0000000,82,9
63082002,2023-10-31 13:06:35.0000000,82,9
63082002,2023-10-31 13:06:44.0000000,82,10
63082002,2023-10-31 13:06:54.0000000,82,10
63082002,2023-10-31 13:06:59.0000000,82,10
63082002,2023-10-31 13:07:02.0000000,82,10
63082002,2023-10-31 13:07:14.0000000,82,10
63082002,2023-10-31 13:07:19.0000000,82,9
63082002,2023-10-31 13:07:21.0000000,82,10
63082002,2023-10-31 13:07:21.0000000,82,9
63082002,2023-10-31 13:07:23.0000000,82,10
63082002,2023-10-31 13:07:35.0000000,82,9
63082002,2023-10-31 13:07:36.0000000,82,10
63082002,2023-10-31 13:07:38.0000000,82,10
63082002,2023-10-31 13:07:45.0000000,82,9
63082002,2023-10-31 13:07:47.0000000,82,9
63082002,2023-10-31 13:07:47.0000000,82,10
63082002,2023-10-31 13:07:55.0000000,82,10
63082002,2023-10-31 13:08:05.0000000,82,9
63082002,2023-10-31 13:08:10.0000000,82,9
63082002,2023-10-31 13:08:16.0000000,82,10
63082002,2023-10-31 13:08:21.0000000,82,10
63082002,2023-10-31 13:08:25.0000000,82,10
63082002,2023-10-31 13:08:28.0000000,82,9
63082002,2023-10-31 13:08:29.0000000,82,10
63082002,2023-10-31 13:08:32.0000000,82,9
63082002,2023-10-31 13:08:33.0000000,82,10
63082002,2023-10-31 13:08:35.0000000,82,9
63082002,2023-10-31 13:08:55.0000000,82,10
63082002,2023-10-31 13:08:55.0000000,82,9
63082002,2023-10-31 13:08:55.0000000,82,10
63082002,2023-10-31 13:09:16.0000000,82,10
63082002,2023-10-31 13:09:19.0000000,82,9
63082002,2023-10-31 13:09:20.0000000,82,10
63082002,2023-10-31 13:09:23.0000000,82,10
63082002,2023-10-31 13:09:31.0000000,82,9
63082002,2023-10-31 13:09:34.0000000,82,10
63082002,2023-10-31 13:09:40.0000000,82,9
63082002,2023-10-31 13:09:41.0000000,82,10
63082002,2023-10-31 13:09:58.0000000,82,9
63082002,2023-10-31 13:10:08.0000000,82,10
63082002,2023-10-31 13:10:09.0000000,82,10
63082002,2023-10-31 13:10:11.0000000,82,10
63082002,2023-10-31 13:10:16.0000000,82,9
63082002,2023-10-31 13:10:21.0000000,82,9
63082002,2023-10-31 13:10:21.0000000,82,10
63082002,2023-10-31 13:10:23.0000000,82,9
63082002,2023-10-31 13:10:24.0000000,82,9
63082002,2023-10-31 13:10:27.0000000,82,10
63082002,2023-10-31 13:10:29.0000000,82,10
63082002,2023-10-31 13:10:31.0000000,82,10
63082002,2023-10-31 13:10:44.0000000,82,10
63082002,2023-10-31 13:10:47.0000000,82,10
63082002,2023-10-31 13:10:50.0000000,82,10
63082002,2023-10-31 13:11:15.0000000,82,10
63082002,2023-10-31 13:11:16.0000000,82,9
63082002,2023-10-31 13:11:17.0000000,82,10
63082002,2023-10-31 13:11:20.0000000,82,10
63082002,2023-10-31 13:11:21.0000000,82,10
63082002,2023-10-31 13:11:23.0000000,82,10
63082002,2023-10-31 13:11:26.0000000,82,9
63082002,2023-10-31 13:11:27.0000000,82,10
63082002,2023-10-31 13:11:28.0000000,82,9
63082002,2023-10-31 13:11:28.0000000,82,10
63082002,2023-10-31 13:11:32.0000000,82,9
63082002,2023-10-31 13:11:33.0000000,82,10
63082002,2023-10-31 13:11:39.0000000,82,9
63082002,2023-10-31 13:11:43.0000000,82,10
63082002,2023-10-31 13:11:48.0000000,82,10
63082002,2023-10-31 13:12:01.0000000,82,9
63082002,2023-10-31 13:12:12.0000000,82,9
63082002,2023-10-31 13:12:14.0000000,82,10
63082002,2023-10-31 13:12:18.0000000,82,9
63082002,2023-10-31 13:12:18.0000000,82,9
63082002,2023-10-31 13:12:24.0000000,82,10
63082002,2023-10-31 13:12:24.0000000,82,10
63082002,2023-10-31 13:12:25.0000000,82,10
63082002,2023-10-31 13:12:29.0000000,82,10
63082002,2023-10-31 13:12:36.0000000,82,10
63082002,2023-10-31 13:12:36.0000000,82,10
63082002,2023-10-31 13:12:40.0000000,82,10
63082002,2023-10-31 13:12:41.0000000,82,10
63082002,2023-10-31 13:12:43.0000000,82,9
63082002,2023-10-31 13:12:45.0000000,82,9
63082002,2023-10-31 13:12:46.0000000,82,9
63082002,2023-10-31 13:12:56.0000000,82,10
63082002,2023-10-31 13:13:09.0000000,82,10
63082002,2023-10-31 13:13:19.0000000,82,10
63082002,2023-10-31 13:13:21.0000000,82,9
63082002,2023-10-31 13:13:22.0000000,82,10
63082002,2023-10-31 13:13:25.0000000,82,10
63082002,2023-10-31 13:13:25.0000000,82,9
63082002,2023-10-31 13:13:28.0000000,82,10
63082002,2023-10-31 13:13:32.0000000,82,9
63082002,2023-10-31 13:13:35.0000000,82,9
63082002,2023-10-31 13:13:37.0000000,82,9
63082002,2023-10-31 13:13:39.0000000,82,9
63082002,2023-10-31 13:13:44.0000000,82,10
63082002,2023-10-31 13:13:45.0000000,82,10
63082002,2023-10-31 13:13:46.0000000,82,10
63082002,2023-10-31 13:13:51.0000000,82,10
63082002,2023-10-31 13:13:55.0000000,82,10
63082002,2023-10-31 13:13:55.0000000,82,10
63082002,2023-10-31 13:13:56.0000000,82,9
63082002,2023-10-31 13:13:58.0000000,82,10
63082002,2023-10-31 13:14:06.0000000,82,10
63082002,2023-10-31 13:14:20.0000000,82,10
63082002,2023-10-31 13:14:36.0000000,82,9
63082002,2023-10-31 13:14:44.0000000,82,9
63082002,2023-10-31 13:14:59.0000000,82,9
63082002,2023-10-31 13:15:08.0000000,82,9
63082002,2023-10-31 13:15:14.0000000,82,10
63082002,2023-10-31 13:15:20.0000000,82,9
63082002,2023-10-31 13:15:26.0000000,82,10
63082002,2023-10-31 13:15:39.0000000,82,9
63082002,2023-10-31 13:15:47.0000000,82,9
63082002,2023-10-31 13:15:49.0000000,82,10
63082002,2023-10-31 13:15:56.0000000,82,9
63082002,2023-10-31 13:15:57.0000000,82,10
63082002,2023-10-31 13:15:58.0000000,82,9
63082002,2023-10-31 13:15:58.0000000,82,10
63082002,2023-10-31 13:16:04.0000000,82,10
63082002,2023-10-31 13:16:04.0000000,82,10
63082002,2023-10-31 13:16:17.0000000,82,9
63082002,2023-10-31 13:16:22.0000000,82,10
63082002,2023-10-31 13:16:23.0000000,82,10
63082002,2023-10-31 13:16:23.0000000,82,9
63082002,2023-10-31 13:16:24.0000000,82,9
63082002,2023-10-31 13:16:25.0000000,82,10
63082002,2023-10-31 13:16:27.0000000,82,10
63082002,2023-10-31 13:16:36.0000000,82,10
63082002,2023-10-31 13:16:36.0000000,82,10
63082002,2023-10-31 13:16:39.0000000,82,9
63082002,2023-10-31 13:16:46.0000000,82,9
63082002,2023-10-31 13:16:52.0000000,82,10
63082002,2023-10-31 13:16:52.0000000,82,9
63082002,2023-10-31 13:16:55.0000000,82,10
63082002,2023-10-31 13:17:01.0000000,82,9
63082002,2023-10-31 13:17:08.0000000,82,10
63082002,2023-10-31 13:17:19.0000000,82,10
63082002,2023-10-31 13:17:37.0000000,82,9
63082002,2023-10-31 13:17:39.0000000,82,9
63082002,2023-10-31 13:17:44.0000000,82,9
63082002,2023-10-31 13:17:46.0000000,82,10
63082002,2023-10-31 13:17:50.0000000,82,9
63082002,2023-10-31 13:17:50.0000000,82,10
63082002,2023-10-31 13:17:52.0000000,82,10
63082002,2023-10-31 13:17:53.0000000,82,9
63082002,2023-10-31 13:17:54.0000000,82,9
63082002,2023-10-31 13:17:54.0000000,82,10
63082002,2023-10-31 13:18:00.0000000,82,9
63082002,2023-10-31 13:18:03.0000000,82,9
63082002,2023-10-31 13:18:05.0000000,82,10
63082002,2023-10-31 13:18:07.0000000,82,10
63082002,2023-10-31 13:18:12.0000000,82,10
63082002,2023-10-31 13:18:13.0000000,82,10
63082002,2023-10-31 13:18:14.0000000,82,10
63082002,2023-10-31 13:18:15.0000000,82,9
63082002,2023-10-31 13:18:16.0000000,82,10
63082002,2023-10-31 13:18:19.0000000,82,10
63082002,2023-10-31 13:18:50.0000000,82,10
63082002,2023-10-31 13:18:57.0000000,82,10
63082002,2023-10-31 13:19:02.0000000,82,10
63082002,2023-10-31 13:19:10.0000000,82,10
63082002,2023-10-31 13:19:11.0000000,82,10
63082002,2023-10-31 13:19:18.0000000,82,10
63082002,2023-10-31 13:19:27.0000000,82,9
63082002,2023-10-31 13:19:39.0000000,82,10
63082002,2023-10-31 12:50:32.0000000,82,10
63082002,2023-10-31 12:50:39.0000000,82,10
63082002,2023-10-31 12:50:42.0000000,82,9
63082002,2023-10-31 12:50:43.0000000,82,10
63082002,2023-10-31 12:50:44.0000000,82,9
63082002,2023-10-31 12:50:45.0000000,82,10
63082002,2023-10-31 12:50:46.0000000,82,10
63082002,2023-10-31 12:50:49.0000000,82,9
63082002,2023-10-31 12:50:49.0000000,82,10
63082002,2023-10-31 12:50:51.0000000,82,10
63082002,2023-10-31 12:50:52.0000000,82,9
63082002,2023-10-31 12:50:55.0000000,82,10
63082002,2023-10-31 12:50:57.0000000,82,9
63082002,2023-10-31 12:51:05.0000000,82,10
63082002,2023-10-31 12:51:07.0000000,82,10
63082002,2023-10-31 12:51:25.0000000,82,10
63082002,2023-10-31 12:51:27.0000000,82,10
63082002,2023-10-31 12:51:38.0000000,82,9
63082002,2023-10-31 12:51:39.0000000,82,10
63082002,2023-10-31 12:52:16.0000000,82,9
63082002,2023-10-31 12:52:16.0000000,82,10
63082002,2023-10-31 12:52:18.0000000,82,10
63082002,2023-10-31 12:52:20.0000000,82,9
63082002,2023-10-31 12:52:22.0000000,82,9
63082002,2023-10-31 12:52:23.0000000,82,9
63082002,2023-10-31 12:52:33.0000000,82,10
63082002,2023-10-31 12:52:33.0000000,82,10
63082002,2023-10-31 12:52:35.0000000,82,9
63082002,2023-10-31 12:52:35.0000000,82,10
63082002,2023-10-31 12:52:37.0000000,82,9
63082002,2023-10-31 12:52:39.0000000,82,9
63082002,2023-10-31 12:52:42.0000000,82,9
63082002,2023-10-31 12:52:44.0000000,82,10
63082002,2023-10-31 12:52:44.0000000,82,9
63082002,2023-10-31 12:52:45.0000000,82,10
63082002,2023-10-31 12:52:47.0000000,82,9
63082002,2023-10-31 12:52:47.0000000,82,10
63082002,2023-10-31 12:52:49.0000000,82,10
63082002,2023-10-31 12:52:52.0000000,82,10
63082002,2023-10-31 12:53:07.0000000,82,10
63082002,2023-10-31 12:53:10.0000000,82,9
63082002,2023-10-31 12:53:19.0000000,82,10
63082002,2023-10-31 12:53:31.0000000,82,10
63082002,2023-10-31 12:53:39.0000000,82,10
63082002,2023-10-31 12:53:40.0000000,82,10
63082002,2023-10-31 12:54:02.0000000,82,9
63082002,2023-10-31 12:54:03.0000000,82,10
63082002,2023-10-31 12:54:09.0000000,82,9
63082002,2023-10-31 12:54:14.0000000,82,10
63082002,2023-10-31 12:54:17.0000000,82,9
63082002,2023-10-31 12:54:18.0000000,82,9
63082002,2023-10-31 12:54:19.0000000,82,9
63082002,2023-10-31 12:54:19.0000000,82,9
63082002,2023-10-31 12:54:21.0000000,82,10
63082002,2023-10-31 12:54:23.0000000,82,10
63082002,2023-10-31 12:54:24.0000000,82,9
63082002,2023-10-31 12:54:24.0000000,82,10
63082002,2023-10-31 12:54:27.0000000,82,10
63082002,2023-10-31 12:54:28.0000000,82,10
63082002,2023-10-31 12:54:28.0000000,82,9
63082002,2023-10-31 12:54:29.0000000,82,10
63082002,2023-10-31 12:54:30.0000000,82,9
63082002,2023-10-31 12:54:32.0000000,82,9
63082002,2023-10-31 12:54:32.0000000,82,10
63082002,2023-10-31 12:54:33.0000000,82,9
63082002,2023-10-31 12:54:34.0000000,82,10
63082002,2023-10-31 12:54:39.0000000,82,10
63082002,2023-10-31 12:54:56.0000000,82,9
63082002,2023-10-31 12:55:05.0000000,82,10
63082002,2023-10-31 12:55:26.0000000,82,9
63082002,2023-10-31 12:55:27.0000000,82,9
63082002,2023-10-31 12:55:32.0000000,82,10
63082002,2023-10-31 12:55:41.0000000,82,10
63082002,2023-10-31 12:55:43.0000000,82,9
63082002,2023-10-31 12:55:45.0000000,82,10
63082002,2023-10-31 12:55:46.0000000,82,10
63082002,2023-10-31 12:55:47.0000000,82,9
63082002,2023-10-31 12:55:50.0000000,82,10
63082002,2023-10-31 12:55:52.0000000,82,9
63082002,2023-10-31 12:55:53.0000000,82,10
63082002,2023-10-31 12:56:08.0000000,82,10
63082002,2023-10-31 12:56:08.0000000,82,10
63082002,2023-10-31 12:56:10.0000000,82,9
63082002,2023-10-31 12:56:11.0000000,82,9
63082002,2023-10-31 12:56:12.0000000,82,9
63082002,2023-10-31 12:56:13.0000000,82,10
63082002,2023-10-31 12:56:14.0000000,82,9
63082002,2023-10-31 12:56:16.0000000,82,10
63082002,2023-10-31 12:56:22.0000000,82,10
63082002,2023-10-31 12:56:24.0000000,82,9
63082002,2023-10-31 12:56:33.0000000,82,10
63082002,2023-10-31 12:56:33.0000000,82,9
63082002,2023-10-31 12:56:36.0000000,82,10
63082002,2023-10-31 12:57:01.0000000,82,10
63082002,2023-10-31 12:57:05.0000000,82,10
63082002,2023-10-31 12:57:15.0000000,82,9
63082002,2023-10-31 12:57:22.0000000,82,10
63082002,2023-10-31 12:57:26.0000000,82,9
63082002,2023-10-31 12:57:46.0000000,82,9
63082002,2023-10-31 12:57:49.0000000,82,9
63082002,2023-10-31 12:57:51.0000000,82,10
63082002,2023-10-31 12:57:53.0000000,82,9
63082002,2023-10-31 12:57:57.0000000,82,9
63082002,2023-10-31 12:57:58.0000000,82,10
63082002,2023-10-31 12:57:59.0000000,82,10
63082002,2023-10-31 12:58:04.0000000,82,9
63082002,2023-10-31 12:58:04.0000000,82,10
63082002,2023-10-31 12:58:04.0000000,82,10
63082002,2023-10-31 12:58:07.0000000,82,10
63082002,2023-10-31 12:58:08.0000000,82,9
63082002,2023-10-31 12:58:09.0000000,82,10
63082002,2023-10-31 12:58:11.0000000,82,9
63082002,2023-10-31 12:58:12.0000000,82,10
63082002,2023-10-31 12:58:17.0000000,82,10
63082002,2023-10-31 12:58:23.0000000,82,10
63082002,2023-10-31 12:58:25.0000000,82,10
63082002,2023-10-31 12:58:32.0000000,82,10
63082002,2023-10-31 12:58:52.0000000,82,9
63082002,2023-10-31 12:59:01.0000000,82,9
63082002,2023-10-31 12:59:04.0000000,82,10
63082002,2023-10-31 12:59:08.0000000,82,9
63082002,2023-10-31 12:59:15.0000000,82,9
63082002,2023-10-31 12:59:17.0000000,82,9
63082002,2023-10-31 12:59:19.0000000,82,9
63082002,2023-10-31 12:59:21.0000000,82,10
63082002,2023-10-31 12:59:21.0000000,82,9
63082002,2023-10-31 12:59:22.0000000,82,10
63082002,2023-10-31 12:59:23.0000000,82,10
63082002,2023-10-31 12:59:27.0000000,82,9
63082002,2023-10-31 12:59:28.0000000,82,10
63082002,2023-10-31 12:59:46.0000000,82,10
63082004,2023-10-31 13:00:21.0000000,82,9
63082004,2023-10-31 13:00:32.0000000,82,9
63082004,2023-10-31 13:00:35.0000000,82,9
63082004,2023-10-31 13:01:07.0000000,82,9
63082004,2023-10-31 13:01:24.0000000,82,9
63082004,2023-10-31 13:02:05.0000000,82,9
63082004,2023-10-31 13:02:42.0000000,82,9
63082004,2023-10-31 13:02:55.0000000,82,9
63082004,2023-10-31 13:03:50.0000000,82,9
63082004,2023-10-31 13:03:52.0000000,82,9
63082004,2023-10-31 13:04:26.0000000,82,9
63082004,2023-10-31 13:04:36.0000000,82,9
63082004,2023-10-31 13:04:44.0000000,82,9
63082004,2023-10-31 13:04:53.0000000,82,9
63082002,2023-10-31 13:19:46.0000000,82,10
63082002,2023-10-31 13:19:55.0000000,82,9
63082002,2023-10-31 13:19:56.0000000,82,10
63082002,2023-10-31 13:20:02.0000000,82,10
63082002,2023-10-31 13:20:03.0000000,82,10
63082002,2023-10-31 13:20:03.0000000,82,10
63082002,2023-10-31 13:20:05.0000000,82,10
63082002,2023-10-31 13:20:07.0000000,82,9
63082002,2023-10-31 13:20:09.0000000,82,10
63082002,2023-10-31 13:20:10.0000000,82,10
63082002,2023-10-31 13:20:10.0000000,82,9
63082002,2023-10-31 13:20:11.0000000,82,10
63082002,2023-10-31 13:20:14.0000000,82,10
63082002,2023-10-31 13:20:17.0000000,82,10
63082002,2023-10-31 13:20:32.0000000,82,10
63082002,2023-10-31 13:20:38.0000000,82,10
63082002,2023-10-31 13:20:38.0000000,82,10
63082002,2023-10-31 13:20:39.0000000,82,9
63082002,2023-10-31 13:20:47.0000000,82,9
63082002,2023-10-31 13:20:49.0000000,82,9
63082002,2023-10-31 13:20:54.0000000,82,10
63082002,2023-10-31 13:20:54.0000000,82,10
63082002,2023-10-31 13:20:59.0000000,82,10
63082002,2023-10-31 13:20:59.0000000,82,10
63082002,2023-10-31 13:21:03.0000000,82,9
63082002,2023-10-31 13:21:07.0000000,82,9
63082002,2023-10-31 13:21:19.0000000,82,9
63082002,2023-10-31 13:21:21.0000000,82,9
63082002,2023-10-31 13:21:26.0000000,82,10
63082002,2023-10-31 13:21:27.0000000,82,9
63082002,2023-10-31 13:21:30.0000000,82,10
63082002,2023-10-31 13:21:38.0000000,82,9
63082002,2023-10-31 13:21:41.0000000,82,9
63082002,2023-10-31 13:21:50.0000000,82,10
63082002,2023-10-31 13:21:50.0000000,82,9
63082002,2023-10-31 13:21:52.0000000,82,10
63082002,2023-10-31 13:21:52.0000000,82,10
63082002,2023-10-31 13:21:52.0000000,82,9
63082002,2023-10-31 13:21:54.0000000,82,10
63082002,2023-10-31 13:21:56.0000000,82,9
63082002,2023-10-31 13:22:04.0000000,82,10
63082002,2023-10-31 13:22:05.0000000,82,10
63082002,2023-10-31 13:22:21.0000000,82,9
63082002,2023-10-31 13:22:27.0000000,82,10
63082002,2023-10-31 13:22:57.0000000,82,10
63082002,2023-10-31 13:23:00.0000000,82,10
63082002,2023-10-31 13:23:04.0000000,82,10
63082002,2023-10-31 13:23:07.0000000,82,9
63082002,2023-10-31 13:23:08.0000000,82,9
63082002,2023-10-31 13:23:11.0000000,82,9
63082002,2023-10-31 13:23:13.0000000,82,10
63082002,2023-10-31 13:23:16.0000000,82,10
63082002,2023-10-31 13:23:17.0000000,82,9
63082002,2023-10-31 13:23:20.0000000,82,9
63082002,2023-10-31 13:23:21.0000000,82,10
63082002,2023-10-31 13:23:39.0000000,82,10
63082002,2023-10-31 13:23:50.0000000,82,9
63082002,2023-10-31 13:23:50.0000000,82,10
63082002,2023-10-31 13:23:57.0000000,82,9
63082002,2023-10-31 13:24:31.0000000,82,9
63082002,2023-10-31 13:24:31.0000000,82,10
63082002,2023-10-31 13:24:33.0000000,82,9
63082002,2023-10-31 13:24:36.0000000,82,10
63082002,2023-10-31 13:24:36.0000000,82,10
63082002,2023-10-31 13:24:37.0000000,82,10
63082002,2023-10-31 13:24:39.0000000,82,10
63082002,2023-10-31 13:24:40.0000000,82,9
63082002,2023-10-31 13:24:49.0000000,82,9
63082002,2023-10-31 13:24:50.0000000,82,9
63082002,2023-10-31 13:24:52.0000000,82,10
63082002,2023-10-31 13:24:53.0000000,82,9
63082002,2023-10-31 13:24:55.0000000,82,10
63082002,2023-10-31 13:25:07.0000000,82,9
63082002,2023-10-31 13:25:08.0000000,82,10
63082002,2023-10-31 13:25:09.0000000,82,10
63082002,2023-10-31 13:25:15.0000000,82,9
63082002,2023-10-31 13:25:25.0000000,82,9
63082002,2023-10-31 13:25:40.0000000,82,10
63082002,2023-10-31 13:25:44.0000000,82,9
63082002,2023-10-31 13:25:46.0000000,82,9
63082002,2023-10-31 13:25:47.0000000,82,10
63082002,2023-10-31 13:25:54.0000000,82,9
63082002,2023-10-31 13:25:55.0000000,82,10
63082002,2023-10-31 13:25:59.0000000,82,9
63082002,2023-10-31 13:26:01.0000000,82,10
63082002,2023-10-31 13:26:05.0000000,82,10
63082002,2023-10-31 13:26:10.0000000,82,10
63082002,2023-10-31 13:26:13.0000000,82,10
63082002,2023-10-31 13:26:30.0000000,82,9
63082002,2023-10-31 13:26:33.0000000,82,10
63082002,2023-10-31 13:26:45.0000000,82,9
63082002,2023-10-31 13:26:49.0000000,82,10
63082002,2023-10-31 13:26:51.0000000,82,9
63082002,2023-10-31 13:27:01.0000000,82,10
63082002,2023-10-31 13:27:03.0000000,82,10
63082002,2023-10-31 13:27:06.0000000,82,10
63082002,2023-10-31 13:27:08.0000000,82,10
63082002,2023-10-31 13:27:11.0000000,82,9
63082002,2023-10-31 13:28:12.0000000,82,9
63082002,2023-10-31 13:28:13.0000000,82,9
63082002,2023-10-31 13:28:13.0000000,82,10
63082002,2023-10-31 13:28:17.0000000,82,10
63082002,2023-10-31 13:28:20.0000000,82,10
63082002,2023-10-31 13:28:21.0000000,82,10
63082002,2023-10-31 13:28:27.0000000,82,9
63082002,2023-10-31 13:28:28.0000000,82,10
63082002,2023-10-31 13:28:35.0000000,82,9
63082002,2023-10-31 13:28:45.0000000,82,9
63082002,2023-10-31 13:28:51.0000000,82,10
63082002,2023-10-31 13:28:51.0000000,82,10
63082002,2023-10-31 13:28:54.0000000,82,9
63082002,2023-10-31 13:29:08.0000000,82,9
63082002,2023-10-31 13:29:10.0000000,82,10
63082002,2023-10-31 13:29:10.0000000,82,9
63082004,2023-10-31 13:21:21.0000000,82,9
63082004,2023-10-31 13:21:32.0000000,82,9
63082004,2023-10-31 13:21:34.0000000,82,9
63082004,2023-10-31 13:21:36.0000000,82,9
63082004,2023-10-31 13:21:41.0000000,82,9
63082004,2023-10-31 13:21:44.0000000,82,9
63082004,2023-10-31 13:21:57.0000000,82,9
63082004,2023-10-31 13:22:43.0000000,82,9
63082004,2023-10-31 13:22:53.0000000,82,9
63082004,2023-10-31 13:22:56.0000000,82,9
63082004,2023-10-31 13:23:01.0000000,82,9
63082004,2023-10-31 13:23:10.0000000,82,9
63082004,2023-10-31 13:23:13.0000000,82,9
63082004,2023-10-31 13:23:31.0000000,82,9
63082004,2023-10-31 13:23:34.0000000,82,9
63082004,2023-10-31 13:23:43.0000000,82,9
63082004,2023-10-31 13:23:47.0000000,82,9
63082004,2023-10-31 13:23:54.0000000,82,9
63082004,2023-10-31 13:23:55.0000000,82,9
63082004,2023-10-31 13:24:28.0000000,82,9
63082004,2023-10-31 13:25:05.0000000,82,9
63082004,2023-10-31 13:25:30.0000000,82,9
63082004,2023-10-31 13:25:38.0000000,82,9
63082004,2023-10-31 13:25:42.0000000,82,9
63082004,2023-10-31 13:25:53.0000000,82,9
63082004,2023-10-31 13:25:59.0000000,82,9
63082004,2023-10-31 13:26:02.0000000,82,9
63082004,2023-10-31 13:26:12.0000000,82,9
63082004,2023-10-31 13:26:18.0000000,82,9
63082004,2023-10-31 13:26:28.0000000,82,9
63082004,2023-10-31 13:26:30.0000000,82,9
63082004,2023-10-31 13:27:09.0000000,82,9
63082004,2023-10-31 13:27:23.0000000,82,9
63082004,2023-10-31 13:27:25.0000000,82,9
63082004,2023-10-31 13:27:35.0000000,82,9
63082004,2023-10-31 13:28:08.0000000,82,9
63082004,2023-10-31 13:28:11.0000000,82,9
63082004,2023-10-31 13:28:14.0000000,82,9
63082004,2023-10-31 13:28:27.0000000,82,9
63082004,2023-10-31 13:28:42.0000000,82,9
63082004,2023-10-31 13:28:46.0000000,82,9
63082004,2023-10-31 13:28:47.0000000,82,9
63082004,2023-10-31 13:29:09.0000000,82,9
63082004,2023-10-31 13:29:22.0000000,82,9
63082004,2023-10-31 13:29:47.0000000,82,9
63082002,2023-10-31 13:29:33.0000000,82,9
63082002,2023-10-31 13:29:44.0000000,82,9
63082004,2023-10-31 13:04:53.0000000,82,9
63082004,2023-10-31 13:05:02.0000000,82,9
63082004,2023-10-31 13:05:08.0000000,82,9
63082004,2023-10-31 13:05:18.0000000,82,9
63082004,2023-10-31 13:05:31.0000000,82,9
63082004,2023-10-31 13:05:38.0000000,82,9
63082004,2023-10-31 13:05:57.0000000,82,9
63082004,2023-10-31 13:06:00.0000000,82,9
63082004,2023-10-31 13:06:12.0000000,82,9
63082004,2023-10-31 13:06:14.0000000,82,9
63082004,2023-10-31 13:06:17.0000000,82,9
63082004,2023-10-31 13:06:20.0000000,82,9
63082004,2023-10-31 13:06:21.0000000,82,9
63082004,2023-10-31 13:06:27.0000000,82,9
63082004,2023-10-31 13:06:53.0000000,82,9
63082004,2023-10-31 13:06:56.0000000,82,9
63082004,2023-10-31 13:07:00.0000000,82,9
63082004,2023-10-31 13:07:12.0000000,82,9
63082004,2023-10-31 13:07:18.0000000,82,9
63082004,2023-10-31 13:07:34.0000000,82,9
63082004,2023-10-31 13:07:39.0000000,82,9
63082004,2023-10-31 13:08:19.0000000,82,9
63082004,2023-10-31 13:08:37.0000000,82,9
63082004,2023-10-31 13:08:41.0000000,82,9
63082004,2023-10-31 13:08:43.0000000,82,9
63082004,2023-10-31 13:08:47.0000000,82,9
63082004,2023-10-31 13:08:49.0000000,82,9
63082004,2023-10-31 13:09:04.0000000,82,9
63082004,2023-10-31 13:09:12.0000000,82,9
63082004,2023-10-31 13:09:29.0000000,82,9
63082004,2023-10-31 13:09:37.0000000,82,9
63082004,2023-10-31 13:10:11.0000000,82,9
63082004,2023-10-31 13:10:48.0000000,82,9
63082004,2023-10-31 13:11:06.0000000,82,9
63082004,2023-10-31 13:11:11.0000000,82,9
63082004,2023-10-31 13:11:21.0000000,82,9
63082004,2023-10-31 13:11:24.0000000,82,9
63082004,2023-10-31 13:11:29.0000000,82,9
63082004,2023-10-31 13:11:38.0000000,82,9
63082004,2023-10-31 13:12:04.0000000,82,9
63082004,2023-10-31 13:12:06.0000000,82,9
63082004,2023-10-31 13:12:47.0000000,82,9
63082004,2023-10-31 13:13:09.0000000,82,9
63082004,2023-10-31 13:13:38.0000000,82,9
63082004,2023-10-31 13:13:42.0000000,82,9
63082004,2023-10-31 13:13:50.0000000,82,9
63082004,2023-10-31 13:13:53.0000000,82,9
63082004,2023-10-31 13:14:04.0000000,82,9
63082004,2023-10-31 13:14:08.0000000,82,9
63082004,2023-10-31 13:14:13.0000000,82,9
63082004,2023-10-31 13:14:20.0000000,82,9
63082004,2023-10-31 13:14:33.0000000,82,9
63082004,2023-10-31 13:14:42.0000000,82,9
63082004,2023-10-31 13:14:48.0000000,82,9
63082004,2023-10-31 13:14:55.0000000,82,9
63082004,2023-10-31 13:15:10.0000000,82,9
63082004,2023-10-31 13:15:14.0000000,82,9
63082004,2023-10-31 13:15:25.0000000,82,9
63082004,2023-10-31 13:15:39.0000000,82,9
63082004,2023-10-31 13:16:01.0000000,82,9
63082004,2023-10-31 13:16:10.0000000,82,9
63082004,2023-10-31 13:16:21.0000000,82,9
63082004,2023-10-31 13:16:30.0000000,82,9
63082004,2023-10-31 13:16:33.0000000,82,9
63082004,2023-10-31 13:16:54.0000000,82,9
63082004,2023-10-31 13:17:14.0000000,82,9
63082004,2023-10-31 13:17:22.0000000,82,9
63082004,2023-10-31 13:17:42.0000000,82,9
63082004,2023-10-31 13:17:46.0000000,82,9
63082004,2023-10-31 13:18:09.0000000,82,9
63082004,2023-10-31 13:18:18.0000000,82,9
63082004,2023-10-31 13:18:20.0000000,82,9
63082004,2023-10-31 13:18:23.0000000,82,9
63082004,2023-10-31 13:18:27.0000000,82,9
63082004,2023-10-31 13:18:28.0000000,82,9
63082004,2023-10-31 13:18:41.0000000,82,9
63082004,2023-10-31 13:18:45.0000000,82,9
63082004,2023-10-31 13:18:54.0000000,82,9
63082004,2023-10-31 13:19:05.0000000,82,9
63082004,2023-10-31 13:19:11.0000000,82,9
63082004,2023-10-31 13:19:21.0000000,82,9
63082004,2023-10-31 13:19:40.0000000,82,9
63082004,2023-10-31 13:20:21.0000000,82,9
63082004,2023-10-31 13:21:05.0000000,82,9
63082004,2023-10-31 13:21:14.0000000,82,9
63082004,2023-10-31 13:21:17.0000000,82,9
